--
-- PostgreSQL database dump
--

-- Dumped from database version 9.1.13
-- Dumped by pg_dump version 9.1.13
-- Started on 2014-07-16 14:13:19 VET

SET statement_timeout = 0;
SET client_encoding = 'UTF8';
SET standard_conforming_strings = on;
SET check_function_bodies = false;
SET client_min_messages = warning;

--
-- TOC entry 174 (class 3079 OID 11721)
-- Name: plpgsql; Type: EXTENSION; Schema: -; Owner: 
--

CREATE EXTENSION IF NOT EXISTS plpgsql WITH SCHEMA pg_catalog;


--
-- TOC entry 2024 (class 0 OID 0)
-- Dependencies: 174
-- Name: EXTENSION plpgsql; Type: COMMENT; Schema: -; Owner: 
--

COMMENT ON EXTENSION plpgsql IS 'PL/pgSQL procedural language';


SET search_path = public, pg_catalog;

--
-- TOC entry 186 (class 1255 OID 58774)
-- Dependencies: 6 529
-- Name: fsab_convierte_mayus(text); Type: FUNCTION; Schema: public; Owner: postgres
--

CREATE FUNCTION fsab_convierte_mayus(tabla text) RETURNS boolean
    LANGUAGE plpgsql
    AS $$
DECLARE	
	iterator_tabla record;
	iterator_schema record;	
	vector TEXT[];	
	tabla_nombre TEXT; 
	tabla_schema TEXT;
	i int;
BEGIN	
	tabla_schema=split_part(tabla, '.',1);
	tabla_nombre=split_part(tabla, '.',2);
	FOR iterator_schema IN 	SELECT
					column_name::TEXT
				FROM 
					INFORMATION_SCHEMA.COLUMNS 
				WHERE 
					table_name	= 	tabla_nombre
					AND table_schema =	tabla_schema
					AND (
						data_type	= 'character varying'
						OR data_type	= 'character'
						OR data_type	= 'text'
					)				
	loop
		vector = array_append(vector, iterator_schema.column_name);
	end loop;
	
	FOR i IN 1..array_length(vector, 1)	
	LOOP		
		EXECUTE 'UPDATE '||tabla||' SET "'||vector[i]||'" = upper("'||vector[i]||'")';
	END LOOP;
	RETURN true;

END;

$$;


ALTER FUNCTION public.fsab_convierte_mayus(tabla text) OWNER TO postgres;

--
-- TOC entry 187 (class 1255 OID 58775)
-- Dependencies: 6 529
-- Name: tsca_convierte_mayus(text); Type: FUNCTION; Schema: public; Owner: postgres
--

CREATE FUNCTION tsca_convierte_mayus(tabla text) RETURNS boolean
    LANGUAGE plpgsql
    AS $$
DECLARE	
	iterator_tabla record;
	iterator_schema record;	
	vector TEXT[];	
	tabla_nombre TEXT; 
	tabla_schema TEXT;
	i int;
BEGIN	
	tabla_schema=split_part(tabla, '.',1);
	tabla_nombre=split_part(tabla, '.',2);
	FOR iterator_schema IN 	SELECT
					column_name::TEXT
				FROM 
					INFORMATION_SCHEMA.COLUMNS 
				WHERE 
					table_name	= 	tabla_nombre
					AND table_schema =	tabla_schema
					AND (
						data_type	= 'character varying'
						OR data_type	= 'character'
						OR data_type	= 'text'
					)				
	loop
		vector = array_append(vector, iterator_schema.column_name);
	end loop;
	
	FOR i IN 1..array_length(vector, 1)	
	LOOP		
		EXECUTE 'UPDATE '||tabla||' SET "'||vector[i]||'" = upper("'||vector[i]||'")';
	END LOOP;
	RETURN true;

END;

$$;


ALTER FUNCTION public.tsca_convierte_mayus(tabla text) OWNER TO postgres;

SET default_tablespace = '';

SET default_with_oids = false;

--
-- TOC entry 161 (class 1259 OID 58639)
-- Dependencies: 1869 6
-- Name: tsca_accidente; Type: TABLE; Schema: public; Owner: postgres; Tablespace: 
--

CREATE TABLE tsca_accidente (
    id_reporte integer NOT NULL,
    fec_registro timestamp without time zone NOT NULL,
    fec_informe date NOT NULL,
    jefe_turno character varying(10) NOT NULL,
    fec_ocurrencia date NOT NULL,
    turno integer NOT NULL,
    trabajador_lesionado character varying(10) NOT NULL,
    profesion_oficio character varying(150) NOT NULL,
    lesion character varying(10) NOT NULL,
    descripcion_accidente text NOT NULL,
    recomendaciones text,
    perdida_tiempo character(2) NOT NULL,
    sobretiempo character(2) NOT NULL,
    medico_tratante character varying(10) NOT NULL,
    enfermero_tratante character varying(10),
    estatus integer DEFAULT 0 NOT NULL,
    lugar_accidente character varying NOT NULL
);


ALTER TABLE public.tsca_accidente OWNER TO postgres;

--
-- TOC entry 162 (class 1259 OID 58647)
-- Dependencies: 161 6
-- Name: tsca_accidente_id_reporte_seq; Type: SEQUENCE; Schema: public; Owner: postgres
--

CREATE SEQUENCE tsca_accidente_id_reporte_seq
    START WITH 1
    INCREMENT BY 1
    NO MINVALUE
    NO MAXVALUE
    CACHE 1;


ALTER TABLE public.tsca_accidente_id_reporte_seq OWNER TO postgres;

--
-- TOC entry 2025 (class 0 OID 0)
-- Dependencies: 162
-- Name: tsca_accidente_id_reporte_seq; Type: SEQUENCE OWNED BY; Schema: public; Owner: postgres
--

ALTER SEQUENCE tsca_accidente_id_reporte_seq OWNED BY tsca_accidente.id_reporte;


--
-- TOC entry 163 (class 1259 OID 58652)
-- Dependencies: 6
-- Name: tsca_cuadrillas; Type: TABLE; Schema: public; Owner: postgres; Tablespace: 
--

CREATE TABLE tsca_cuadrillas (
    cod_cuadrillas integer NOT NULL,
    descripcion character varying NOT NULL
);


ALTER TABLE public.tsca_cuadrillas OWNER TO postgres;

--
-- TOC entry 164 (class 1259 OID 58658)
-- Dependencies: 6 163
-- Name: tsca_cuadrillas_cod_cuadrillas_seq; Type: SEQUENCE; Schema: public; Owner: postgres
--

CREATE SEQUENCE tsca_cuadrillas_cod_cuadrillas_seq
    START WITH 1
    INCREMENT BY 1
    NO MINVALUE
    NO MAXVALUE
    CACHE 1;


ALTER TABLE public.tsca_cuadrillas_cod_cuadrillas_seq OWNER TO postgres;

--
-- TOC entry 2026 (class 0 OID 0)
-- Dependencies: 164
-- Name: tsca_cuadrillas_cod_cuadrillas_seq; Type: SEQUENCE OWNED BY; Schema: public; Owner: postgres
--

ALTER SEQUENCE tsca_cuadrillas_cod_cuadrillas_seq OWNED BY tsca_cuadrillas.cod_cuadrillas;


--
-- TOC entry 165 (class 1259 OID 58660)
-- Dependencies: 6
-- Name: tsca_departamentos; Type: TABLE; Schema: public; Owner: postgres; Tablespace: 
--

CREATE TABLE tsca_departamentos (
    cod_departamento integer NOT NULL,
    descripcion character varying(150) NOT NULL,
    nivel integer NOT NULL,
    dpto_padre integer
);


ALTER TABLE public.tsca_departamentos OWNER TO postgres;

--
-- TOC entry 2027 (class 0 OID 0)
-- Dependencies: 165
-- Name: COLUMN tsca_departamentos.nivel; Type: COMMENT; Schema: public; Owner: postgres
--

COMMENT ON COLUMN tsca_departamentos.nivel IS 'Nivel: Campo que define el nivel en el cual se encuentra el Dpto. (1 -2-3 4 ...)';


--
-- TOC entry 166 (class 1259 OID 58663)
-- Dependencies: 6 165
-- Name: tsca_departamentos_cod_departamento_seq; Type: SEQUENCE; Schema: public; Owner: postgres
--

CREATE SEQUENCE tsca_departamentos_cod_departamento_seq
    START WITH 1
    INCREMENT BY 1
    NO MINVALUE
    NO MAXVALUE
    CACHE 1;


ALTER TABLE public.tsca_departamentos_cod_departamento_seq OWNER TO postgres;

--
-- TOC entry 2028 (class 0 OID 0)
-- Dependencies: 166
-- Name: tsca_departamentos_cod_departamento_seq; Type: SEQUENCE OWNED BY; Schema: public; Owner: postgres
--

ALTER SEQUENCE tsca_departamentos_cod_departamento_seq OWNED BY tsca_departamentos.cod_departamento;


--
-- TOC entry 167 (class 1259 OID 58665)
-- Dependencies: 6
-- Name: tsca_lesiones; Type: TABLE; Schema: public; Owner: postgres; Tablespace: 
--

CREATE TABLE tsca_lesiones (
    cod_lesion character varying(10) NOT NULL,
    descripcion character varying(200) NOT NULL
);


ALTER TABLE public.tsca_lesiones OWNER TO postgres;

--
-- TOC entry 168 (class 1259 OID 58668)
-- Dependencies: 6
-- Name: tsca_mtcargo; Type: TABLE; Schema: public; Owner: postgres; Tablespace: 
--

CREATE TABLE tsca_mtcargo (
    id_cargo integer NOT NULL,
    descripcion character varying(150) NOT NULL
);


ALTER TABLE public.tsca_mtcargo OWNER TO postgres;

--
-- TOC entry 169 (class 1259 OID 58671)
-- Dependencies: 168 6
-- Name: tsca_mtcargo_id_cargo_seq; Type: SEQUENCE; Schema: public; Owner: postgres
--

CREATE SEQUENCE tsca_mtcargo_id_cargo_seq
    START WITH 1
    INCREMENT BY 1
    NO MINVALUE
    NO MAXVALUE
    CACHE 1;


ALTER TABLE public.tsca_mtcargo_id_cargo_seq OWNER TO postgres;

--
-- TOC entry 2029 (class 0 OID 0)
-- Dependencies: 169
-- Name: tsca_mtcargo_id_cargo_seq; Type: SEQUENCE OWNED BY; Schema: public; Owner: postgres
--

ALTER SEQUENCE tsca_mtcargo_id_cargo_seq OWNED BY tsca_mtcargo.id_cargo;


--
-- TOC entry 170 (class 1259 OID 58673)
-- Dependencies: 6
-- Name: tsca_mttrabajador; Type: TABLE; Schema: public; Owner: postgres; Tablespace: 
--

CREATE TABLE tsca_mttrabajador (
    id_ficha character varying(10) NOT NULL,
    cedula character varying(9) NOT NULL,
    nombres character varying(100) NOT NULL,
    apellidos character varying(100) NOT NULL,
    cargo integer,
    fec_ingreso date NOT NULL,
    departamento integer NOT NULL,
    sexo character(1),
    cuadrilla integer
);


ALTER TABLE public.tsca_mttrabajador OWNER TO postgres;

--
-- TOC entry 171 (class 1259 OID 58676)
-- Dependencies: 6
-- Name: tsca_turnos; Type: TABLE; Schema: public; Owner: postgres; Tablespace: 
--

CREATE TABLE tsca_turnos (
    id_turno integer NOT NULL,
    descripcion character varying(20) NOT NULL
);


ALTER TABLE public.tsca_turnos OWNER TO postgres;

--
-- TOC entry 172 (class 1259 OID 58679)
-- Dependencies: 6 171
-- Name: tsca_turnos_id_turno_seq; Type: SEQUENCE; Schema: public; Owner: postgres
--

CREATE SEQUENCE tsca_turnos_id_turno_seq
    START WITH 1
    INCREMENT BY 1
    NO MINVALUE
    NO MAXVALUE
    CACHE 1;


ALTER TABLE public.tsca_turnos_id_turno_seq OWNER TO postgres;

--
-- TOC entry 2030 (class 0 OID 0)
-- Dependencies: 172
-- Name: tsca_turnos_id_turno_seq; Type: SEQUENCE OWNED BY; Schema: public; Owner: postgres
--

ALTER SEQUENCE tsca_turnos_id_turno_seq OWNED BY tsca_turnos.id_turno;


--
-- TOC entry 173 (class 1259 OID 58681)
-- Dependencies: 6
-- Name: tsca_usuarios; Type: TABLE; Schema: public; Owner: postgres; Tablespace: 
--

CREATE TABLE tsca_usuarios (
    login character varying(9) NOT NULL,
    passwd text NOT NULL,
    nivel integer NOT NULL
);


ALTER TABLE public.tsca_usuarios OWNER TO postgres;

--
-- TOC entry 1868 (class 2604 OID 58687)
-- Dependencies: 162 161
-- Name: id_reporte; Type: DEFAULT; Schema: public; Owner: postgres
--

ALTER TABLE ONLY tsca_accidente ALTER COLUMN id_reporte SET DEFAULT nextval('tsca_accidente_id_reporte_seq'::regclass);


--
-- TOC entry 1870 (class 2604 OID 58689)
-- Dependencies: 164 163
-- Name: cod_cuadrillas; Type: DEFAULT; Schema: public; Owner: postgres
--

ALTER TABLE ONLY tsca_cuadrillas ALTER COLUMN cod_cuadrillas SET DEFAULT nextval('tsca_cuadrillas_cod_cuadrillas_seq'::regclass);


--
-- TOC entry 1871 (class 2604 OID 58690)
-- Dependencies: 166 165
-- Name: cod_departamento; Type: DEFAULT; Schema: public; Owner: postgres
--

ALTER TABLE ONLY tsca_departamentos ALTER COLUMN cod_departamento SET DEFAULT nextval('tsca_departamentos_cod_departamento_seq'::regclass);


--
-- TOC entry 1872 (class 2604 OID 58691)
-- Dependencies: 169 168
-- Name: id_cargo; Type: DEFAULT; Schema: public; Owner: postgres
--

ALTER TABLE ONLY tsca_mtcargo ALTER COLUMN id_cargo SET DEFAULT nextval('tsca_mtcargo_id_cargo_seq'::regclass);


--
-- TOC entry 1873 (class 2604 OID 58692)
-- Dependencies: 172 171
-- Name: id_turno; Type: DEFAULT; Schema: public; Owner: postgres
--

ALTER TABLE ONLY tsca_turnos ALTER COLUMN id_turno SET DEFAULT nextval('tsca_turnos_id_turno_seq'::regclass);


--
-- TOC entry 2004 (class 0 OID 58639)
-- Dependencies: 161 2017
-- Data for Name: tsca_accidente; Type: TABLE DATA; Schema: public; Owner: postgres
--

COPY tsca_accidente (id_reporte, fec_registro, fec_informe, jefe_turno, fec_ocurrencia, turno, trabajador_lesionado, profesion_oficio, lesion, descripcion_accidente, recomendaciones, perdida_tiempo, sobretiempo, medico_tratante, enfermero_tratante, estatus, lugar_accidente) FROM stdin;
\.


--
-- TOC entry 2031 (class 0 OID 0)
-- Dependencies: 162
-- Name: tsca_accidente_id_reporte_seq; Type: SEQUENCE SET; Schema: public; Owner: postgres
--

SELECT pg_catalog.setval('tsca_accidente_id_reporte_seq', 1, false);


--
-- TOC entry 2006 (class 0 OID 58652)
-- Dependencies: 163 2017
-- Data for Name: tsca_cuadrillas; Type: TABLE DATA; Schema: public; Owner: postgres
--

COPY tsca_cuadrillas (cod_cuadrillas, descripcion) FROM stdin;
1	A
2	B
3	C
4	D
5	PREVENTIVO 1
6	PREVENTIVO 2
7	ADMINISTRATIVO (7AM -4PM)
8	OTROS
\.


--
-- TOC entry 2032 (class 0 OID 0)
-- Dependencies: 164
-- Name: tsca_cuadrillas_cod_cuadrillas_seq; Type: SEQUENCE SET; Schema: public; Owner: postgres
--

SELECT pg_catalog.setval('tsca_cuadrillas_cod_cuadrillas_seq', 8, true);


--
-- TOC entry 2008 (class 0 OID 58660)
-- Dependencies: 165 2017
-- Data for Name: tsca_departamentos; Type: TABLE DATA; Schema: public; Owner: postgres
--

COPY tsca_departamentos (cod_departamento, descripcion, nivel, dpto_padre) FROM stdin;
1	GERENCIA DE PLANTA MATANZAS	0	\N
2	GERENCIA DE ADMINISTRACIÓN	1	1
3	GERENCIA DE PERSONAL	1	1
4	GERENCIA DE LOGISTICA	1	1
5	GERENCIA DE PRODUCCIÓN	1	1
6	SUPERINTENDENCIA DE TALLERES	1	1
7	DEPARTAMENTO DE INFORMÁTICA	1	1
8	MANTENIMIENTO	1	1
9	MATERIALES	1	1
10	UNIDADES DE SERVICIOS	1	1
11	DEPARTAMENTO DE CONTABILIDAD	2	2
12	CONTROL DE PERSONAL	2	3
13	DEPARTAMENTO DE PROTECCIÓN INDUSTRIAL	2	3
14	SEGURIDAD Y AMBIENTE	3	13
15	SERVICIO MEDICO	3	13
16	SERVICIOS DE APOYO	2	3
17	ALMACÉN CASIMA	2	4
18	SUPERINT. PLANIF. Y CONTROL	2	10
19	SUPERINT. DE PROYECTOS	2	10
20	VERIFICACIÓN	2	10
21	LABORATORIO	2	10
22	HORNO FUNDICIÓN	2	5
23	MÁQUINA COLADA CONTINUA	2	5
24	REFRACTARIO	2	5
25	MATERIA PRIMA	2	5
26	GRUAS	2	5
27	HORNO CUCHARA	2	5
28	UNIDAD DE SERVICIOS DE ESCORIA	2	5
29	TALLER AUTOMOTOR	2	6
30	MÁQUINAS Y HERRAMIENTAS	2	6
31	SUPERINT CONTROL DE CALIDAD	2	10
32	TALLER ELECTRÓNICO	2	6
\.


--
-- TOC entry 2033 (class 0 OID 0)
-- Dependencies: 166
-- Name: tsca_departamentos_cod_departamento_seq; Type: SEQUENCE SET; Schema: public; Owner: postgres
--

SELECT pg_catalog.setval('tsca_departamentos_cod_departamento_seq', 32, true);


--
-- TOC entry 2010 (class 0 OID 58665)
-- Dependencies: 167 2017
-- Data for Name: tsca_lesiones; Type: TABLE DATA; Schema: public; Owner: postgres
--

COPY tsca_lesiones (cod_lesion, descripcion) FROM stdin;
1300	CONTUSIONES Y APLASTAMIENTOS
1200	TRAUMATISMOS SUPERFICIALES
1100	HERIDAS (EXCLUYE LAS HERNIAS PUNZANTES CON DAÑO A ÓRGANOS INTERNOS)
1400	FRACTURAS
1500	LUXACIONES
1600	ESGUINCES, TORCEDURAS
1700	AMPUTACIÓN Y ENUCLERACIONES
1800	TRAUMATISMO INTRACRANEAL
1900	LESIONES INTERNAS DE TÓRAX, ADBOMEN Y PELVIS
2000	HERNIA
2100	TRAUMATISMO DE LOS NERVIOS Y DE LA MÉDULA ESPINAL (EXCLUYE LAS LESIONES DE LOS NERVIOS COMPLICADAS CON FRACTUTAS Y OTRAS LESIONES ÓSEAS)
2200	EFECTOS DE UN CUERPO EXTRAÑO QUE ENTRE POR ORIFICIO
2300	QUEMADURAS (EXCLUYE TRAUMATISMO SUPERFICIALES)
2400	ENVENENAMIENTO POR DROGAS, MEDICAMENTOS, Y PRODUCTOS(EXCLUYE LOS ABUSOS DE DROGAS SIN DEPENDENCIA, LA DEPENDENCIA DE LAS DROGAS, LAS MORDEDURAS DE ANIMALES VENENOSOS)
2500	EFECTOS TÓXICOS O INFECCIONES DE SUSTANCAS DE PROCEDENCIA NO MEDICINALO AGENTES BIOLÓGICOS
2600	EFECTOS NOCIVOS DE LAS RADIACIONES (EXCLUYE EL ERITEMA SOLAR Y LAS QUEMADURAS DEBIDAS A RADIACIONES SOLARES)
2700	EFECTOS DE FRÍO
2900	EFECTOS DEL RUIDO Y VIBRACION
2800	EFECTOS DEL CALOR
3000	EFECTOS DE LA PRESIÓN ATMÓSFERICA
3100	EFECTOS DE OTRAS CAUSAS EXTERNAS
3200	AHOGAMIENTO Y ASFIXIA
3300	TRAUMA PSÍQUICO, CHOQUE TRAUMÁTICO
3400	REACCIONES ALÉRGICAS AGUDAS CAUSADAS POR UN AGENTE DEL MEDIO DE TRABAJO
3500	LESIONES MÚLTIPLES DE NATURALEZA DIFERENTE
3600	OTRS EFECTOS ADVERSOS NO CLASIFICADOS
3700	TIPO DE LESIÓN DESCONOCIDA O SIN ESPECIFICAR
\.


--
-- TOC entry 2011 (class 0 OID 58668)
-- Dependencies: 168 2017
-- Data for Name: tsca_mtcargo; Type: TABLE DATA; Schema: public; Owner: postgres
--

COPY tsca_mtcargo (id_cargo, descripcion) FROM stdin;
20	COMPRADOR\n
1	ASISTENTE ADMINISTRATIVO\n
2	ANALISTA DE PLANIFICACIÓN\n
3	COORD. DE PLANIF Y CTRL PROD.\n
4	ANALISTA PROGRAMADOR\n
5	ADMINISTRADOR DE REDES\n
6	ANALISTA DE CONTABILIDAD\n
7	ANALISTA DE CONTABILIDAD "B"\n
8	COORD. DE PERSONAL\n
9	ANALISTA DE PERSONAL\n
10	APRENDIZ INCE\n
11	SECRETARIA DE GERENCIA\n
12	AUXILIAR DE PERSONAL\n
13	INSPECTOR PROTECCIÓN DE PLANTA\n
14	SUP. DE PROTECCIÓN INDUSTRIAL\n
15	ANALISTA SEGURIDAD Y AMBIENTE\n
16	ENFERMERO (A) INDUSTRIAL\n
17	MÉDICO INDUSTRIAL\n
18	MAESTRO MEC. DE REFRIGERACIÓN\n
19	MAESTRO MONTADOR\n
22	SUP. SERVICIOS GENERALES\n
23	ANALISTA DE TRÁFICO Y ADUANA\n
24	ANALISTA DE CADIVI\n
25	AUXILIAR DE COMPRAS\n
26	ALMACENISTA\n
27	ANALISTA CONTROL DE INVENTARIO\n
28	COORD. MATERIALES ELÉCTRICOS\n
29	PLANIF. ELÉCTRICO\n
30	COORDINADOR DE MATERIALES\n
31	ING. DE PROYECTOS\n
32	VERIFICADOR\n
33	ANALISTA QUÍMICO\n
34	ANALISTA FÍSICO\n
35	ING. DE PROCESOS\n
36	TÉCNICO DE ACERÍA\n
37	SUP. DE HORNOS\n
38	SUP. DE MÁQ. COLADA CONTINUA\n
39	MAESTRO MECÁNICO\n
40	SUP. DE TALLER MÁQUINAS C.C.\n
41	MAESTRO DE REFRACTARIO\n
42	SUP. DE VACIADO\n
43	SUP. DE MATERIA PRIMA\n
44	INSPECTOR OPERADOR DE GRÚAS\n
45	SUP. DE REFRACTARIOS\n
49	INSPECTOR OPERADOR DE EQUIPOS\n
50	SUP. RECOLEC/PROCE. DE ESCORIA\n
51	SUP. DE MTTO. MECÁNICO\n
52	TÉCNICO INSTRUMENTISTA\n
53	SUP. DE MTTO. ELÉCTRICO\n
54	MAESTRO ELECTRICISTA\n
55	SUP. DE MTTO. ELECTRÓNICO\n
56	TÉCNICO ELECTRICISTA\n
57	TÉCNICO MECÁNICO\n\n
58	ROMANERO\n
60	MAESTRO CARPINTERO\n
61	SUP. DE MATERIALES\n
62	SUP. DE MANTENIMIENTO\n
63	MAESTRO SOLDADOR\n
64	SUP. DE MÁQ. Y HERRAMIENTAS\n
65	MAESTRO DE MÁQ Y HERRAMIENTAS\n
67	AYUDANTE GENERAL\n
68	ELECTRICISTA\n
69	MECÁNICO DE REFRIGERACIÓN\n
70	AYUDANTE DE REFRIGERACIÓN\n
71	MONTADOR\n
72	ELECTRICISTA I\n
73	OPERADOR DE MONTACARGA\n
74	OPER CUARTO HERRAMIENTAS II\n
75	OPER. CUARTO HERRAMIENTAS I\n
76	OPERADOR DE MONTACARGAS I\n
77	HORNERO HORNO FUSÍON\n
78	AYUDANTE DE HORNOS\n
79	PROYECTADOR HORNO FUSIÓN\n
80	SOLDADOR I\n
81	COLADOR I\n
83	AYUD. MÁQ. COLADA CONTINUA\n
84	COLADOR MÁQ COLADA CONTINUA\n
85	PREP. DE MÁQ. COLADA CONTINUA\n
86	OPER PULPITO COLADA CONTIN. II\n
87	OPER PULPITO COLADA CONTIN III\n
88	OPER PULPITO COLADA CONTINUA I\n
89	REFRACTARISTA I\n
90	AYUD. DE MATERIAS PRIMAS\n
91	OPER. EQUIPOS PESADOS I\n
92	OPER. PULPITO SIST/MAN/MAT\n
93	OPER. EQUIPOS PESADOS III\n
94	OPERADOR DE GRÚA I\n
95	OPER. DE GRÚA\n
96	OPERADOR DE GRÚA HIDRAULICA\n
97	OPERADOR DE GRÚA IV\n
98	OPERADOR DE GRÚA III\n
99	CUCHARONERO I\n
100	HORNERO HORNO CUCHARA\n
101	OPER. DE EQUIPOS PESADOS\n
102	LUBRICADOR I\n
103	MECÁNICO I\n
104	OPER. DE PLANTA DE AGUA I\n
105	SOLDADOR\n
106	MECÁNICO\n
107	SOLDADOR IV\n
108	MECÁNICO IV\n
109	SOLDADOR II\n
110	ELECTRICISTA II\n
111	ACONDICIONADOR DE PALANQUILLAS\n
112	AYUDANTE DE MATERIALES\n
113	OPERADOR MÁQ. Y HERRAMIENTAS I\n
114	ELECTRICISTA III\n
115	AYUDANTE DE TALLER
116	OPERADOR MÁQ  HERRAMIENTAS IV\n
117	LUBRICADOR\n
118	GTE. DE PLANTA CASIMA\n
119	SUP. DE INFORMÁTICA\n
120	JEFE DE ADMINISTRACIÓN\n
121	SUP. DE CUENTAS POR PAGAR\n
122	SUP. CONTABILIDAD DE COSTOS\n
123	GERENTE DE PERSONAL\n
124	JEFE DE PROTECCIÓN INDUSTRIAL\n
125	SUP. DE SEGURIDAD Y AMBIENTE\n
126	JEFE DE ALMACÉN\n
127	JEFE DE VERIFICACIÓN\n
128	SPTTE. DE CONTROL DE CALIDAD\n
129	JEFE DE TURNO\n
130	SPTTE. DE HORNOS\n
131	SPTTE. DE M.C.C.\n
132	SPTTE. DE PRODUCCIÓN CASIMA\n
133	SPTTE. DE MATERIA PRIMA\n
134	SUP. GRAL. DE MTTO. MEC.\n
135	SUP. GRAL. DE MTTO. ELECT.\n
136	SPTTE. DE PLANIF. Y CONTROL\n
137	PASANTE\n
66	ING. MTTO. MECÁNICO
21	OPER. DE PLANTA DE AGUA II
48	SUP. DE HORNO CUCHARA\n
46	OPER.  DE MONTACARGAS II
47	OPER. EQUIPOS PESADOS II
59	OPER. EQUIPOS PESADOS IV
138	SUP. GRAL. DE MATERIALES
82	JEFE DE LAB. QUÍMICO
\.


--
-- TOC entry 2034 (class 0 OID 0)
-- Dependencies: 169
-- Name: tsca_mtcargo_id_cargo_seq; Type: SEQUENCE SET; Schema: public; Owner: postgres
--

SELECT pg_catalog.setval('tsca_mtcargo_id_cargo_seq', 138, true);


--
-- TOC entry 2013 (class 0 OID 58673)
-- Dependencies: 170 2017
-- Data for Name: tsca_mttrabajador; Type: TABLE DATA; Schema: public; Owner: postgres
--

COPY tsca_mttrabajador (id_ficha, cedula, nombres, apellidos, cargo, fec_ingreso, departamento, sexo, cuadrilla) FROM stdin;
702129	V12359838	RUBEN DARIO	SOLANO PATUSZYNSKI	13	2008-02-12	13	M	1
702130	V12892537	WILLY JESUS	SALAZAR PEROZO	13	2008-02-13	13	M	1
2024365	V12124365	ALEJANDRO RAFAEL	ALVAREZ AULAR	13	1995-08-25	13	M	1
2042287	V8542287	HENRY ALEXIS	LEZAMA GUZMAN	13	1995-02-16	13	M	1
2098564	V5898564	AQUILES RAMÓN	INDRIAGO GRANADOS	14	1995-12-22	13	M	1
8094272	V13994272	RICHARD JOSÉ	GOMEZ FIGUEROA	13	2005-08-02	13	M	1
702271	V12132191	ROSA MARÍA	ORTEGA RODRIGUEZ	16	2011-03-14	15	F	1
8032626	V12132626	RUDITH	MARQUEZ	16	2002-02-01	15	F	1
8019047	V14119047	ALEXIS JOSÉ	SANVICENTE ROMERO	26	1999-02-22	17	M	1
702217	V18169244	ORLANDO DANIEL	JEREZ BONILLA	32	2009-03-01	20	M	1
18055107	V15355107	YOEL ANTONIO	SALAZAR GOMEZ	32	2005-01-10	20	M	1
702220	V17885816	DAVID JOSE	RICO COA	34	2009-04-13	21	M	1
3630140	V4983895	ELIEZER JOSE	GONZALEZ CAMACHO	33	1989-07-17	21	M	1
8092144	V10392144	FRANKLIN ANDY	GARCIA SANCHEZ	36	2006-01-12	5	M	1
9084786	V8984786	LISANDRO JOSÉ	RAUSSEO RUIZ	37	1994-04-25	5	M	1
19097563	V11997563	RAMÓN	ROJAS	37	1995-01-09	5	M	1
9052848	V12052848	OSMEL	TAMOY	38	1996-12-20	5	M	1
100606	V10836033	MISEL	HECTOR	42	1992-08-17	24	M	1
100638	V11384081	JOSE GREGORIO	GONZALEZ	43	1993-02-08	25	M	1
100072	V1958068	LUIS	RONDON	44	1989-08-24	26	M	1
9017350	V8917350	ALCIDES RAMÓN	DIAZ BOGAO	44	1997-11-13	26	M	1
702236	V17764557	DANIEL JOSÉ	VIAMONTE HERRERA	54	2009-09-04	8	M	1
100056	V9947734	FRANK	MOSQUERA	53	1989-10-30	8	M	1
8049028	V13549028	ROSALES LEAL	JAVIER ALBERTO	56	2006-01-11	8	M	1
19029021	V12129021	NELSON JESÚS	VICENT ANTOIMA	57	2005-01-20	8	M	1
3629732	V9281458	YOSLAY	GOMEZ	61	1992-09-28	9	M	1
8070183	V15570183	GIOVANNY ERNESTO	LEREICO CORDOVA	58	2006-12-13	9	M	1
100021	V4935141	YONNIS MANUEL	RODRÍGUEZ HERNÁNDEZ	74	1989-08-18	17	M	1
19082556	V13782556	RAMÓN LUIS	BARRIOS SUAREZ	76	2004-12-16	17	M	1
702274	V10390125	WILFREDO RAFAEL	NARVAEZ	77	2011-07-21	22	M	1
702309	V10813715	ROGER GREGORIO	IDROGO JIMENÉZ	78	2013-02-28	22	M	1
702362	V17526786	JUNIOR EFRAIN	CAPRIATA VILLEGAS	79	2014-01-30	22	M	1
702275	V10391252	MATEY HERNANDEZ	ROGER DE JESUS	81	2011-07-21	23	M	1
702371	V15521519	YANCARLOS JOSÉ	SIFONTES FERNANDEZ	84	2014-01-30	23	M	1
702372	V16026783	CARLOS ALEXANDER	LANZA	84	2014-01-30	23	M	1
702374	V16215297	CARLOS EDUARDO	EREIPA MALAVE	83	2014-01-30	23	M	1
19033581	V12133581	LUIS ALBERTO	SUAREZ LIENDO	81	2014-01-30	23	M	1
19022024	V10222024	CARLOS ANDRES	OLIVIER HURTADO	88	2005-01-20	23	M	1
19022773	V4622773	JOSÉ CRISTOBAL	BARRETO	85	1998-09-10	23	M	1
702241	V10933229	PEDRO ANTONIO	CAMPOS BOLIVAR	89	2009-10-06	24	M	1
702310	V17631009	PEDRO ANIBAL	RONDON GONZALEZ	91	2013-02-28	24	M	1
702370	V14836009	LISANDRO JESÚS	YANEZ	91	2014-01-30	24	M	1
702433	V19302449	HÉCTOR LUIS	UGAS NADALES	90	2014-01-30	25	M	1
100507	V9458096	HENRI DEL VALLE	CAMPOS MOLINA	92	1991-05-29	25	M	1
702349	V17883339	JOSÉ GABRIEL	ALFONZO FIGUEROA	95	2014-01-30	26	M	1
702351	V19302439	ANGEL SALCEDO	SILVA SALCEDO	95	2014-01-30	26	M	1
702426	V25034493	ELIO JOSÉ	ESPINOZA VENTURINI	96	2014-01-30	26	M	1
702303	V18099032	JHON WILVIN	FARRERA NAVARRO	99	2013-02-28	27	M	1
9011687	V13911687	FRANKLIN JOSÉ	LUNA LÓPEZ	100	2005-01-20	27	M	1
19055086	V15155086	CARLOS FARRIQUE	VALERA VELASQUEZ	100	2005-01-20	27	M	2
9070504	V9270504	ALEXIS ANTONIO	MARQUEZ ACEVEDO	91	2006-12-01	28	M	1
702278	V20506998	LUIS LEONARDO	RAMOS MEDINA	72	2011-07-22	8	M	1
702316	V13334303	ORLANDO JOSÉ	ROJAS	103	2013-02-28	8	M	1
702336	V19905694	JOHAN EDUARDO	MUÑOZ TORRES	107	2014-01-30	9	M	1
100225	V10552127	CARLOS	MUÑOZ	22	1989-12-04	8	M	1
19048342	v13348342	JOSE ALEXANDER	GUERRA MARTINEZ	77	2005-01-20	8	M	1
702248	V20503752	WILLIANS JOSE	FERMIN VARGAS	108	2009-11-10	9	M	1
702342	14960568	LUIS ALEXANDER	CASTILLO TABATA	107	2014-01-30	9	M	1
702384	V17998935	CARLOS ALBERTO	LUCART	107	2014-01-30	9	M	1
702381	V12875039	BERNARDO FELIPE	SILVA MUÑOZ	87	2014-01-30	9	M	1
9086771	V22586771	MARIO RODRIGO	VILLALOBOS VILLARROEL	87	2005-01-20	9	M	1
29034701	V10934701	PILAR JOSÉ	RODRÍGUEZ FERMIN	87	2005-01-20	9	M	1
9047232	V9947232	ALFREDO JOSÉ	RONDON BUSTILLO	87	2006-01-11	9	M	1
702454	V15571212	LEANDRO JOSÉ	CORDERO RODRÍGUEZ	107	2014-01-30	9	M	1
19041190	V11441190	ANGEL JOSÉ	ESPINOZA	99	2004-12-16	27	M	1
702358	V17525478	RONNIEL ANTONIO	FARÍAS	99	2014-01-30	27	M	1
702325	V11995179	JOSE GREGORIO	BARRIOS MARIN	99	2013-02-28	29	M	1
702407	V13647301	RAMÓN ARTURO	BLANCO VALENZUELA	111	2014-01-30	29	M	1
3630562	V6953152	EULISES	RIVERA LION	125	1989-05-15	5	M	1
2025097	V8525097	LUIS BELTRAN	GOMEZ RONDÓN	13	2001-12-01	13	M	2
2044089	V9644089	WILFREDO	GÓMEZ DA PALMA	14	1995-09-21	13	M	2
2082576	V15782576	CRUZ EDUARDO	MEJIA	13	2004-05-07	13	M	2
8039184	V15439184	JOHNNY DEL VALLE	CARABALLO	13	2005-09-26	13	M	2
9091620	V13091620	YOEL BLADIMIR	OSUNA ORENCE	13	2001-04-27	13	M	2
8047177	V13647177	YNDRANY JOSEFINA	RUIZ	16	2007-03-20	15	F	2
8088283	V10388283	ALFREDO JOSÉ	MORA	32	2000-08-01	20	M	2
702285	V18339747	FRANCISCO JAVIER	VALLENILLA VALLENILLA	34	2011-11-07	21	M	2
18025326	V10925326	PARIACO PEREZ	FABIO JOSÉ	33	2005-01-17	21	M	2
702184	V16391432	ALEXANDER EDUARDO	RONDON LOPEZ	36	2008-06-12	22	M	2
100505	V8896225	JOSÉ	MAITA 	37	1991-05-29	22	M	2
702228	V16698978	LUIS HERNAN	MAITA QUIÑONEZ	36	2009-07-22	23	M	2
100258	V8495175	ARQUIMEDEZ	RONDON	38	1990-05-07	23	M	2
100129	V8955654	JUAN	MARCHAN	42	1990-03-26	24	M	2
9045647	V7045647	ANGEL	SILVA	44	1994-03-28	26	M	2
19034383	V10834383	DOUGAS JOSÉ	PINO AGUILERA	44	2004-12-16	26	M	2
19026854	V10626854	ORLANDO	GIL	48	1995-12-04	27	M	2
702242	V12004241	GILBERTO JOSÉ	NARVAEZ MARTINEZ	39	2009-10-06	8	M	2
100227	V10930842	TIRSO	ROJAS	54	1989-11-13	8	M	2
1083471	V11783471	CARLOS	PEREZ	51	1994-01-10	8	M	2
8005398	V14905398	WILLIAMS JOSÉ	RODRÍGUEZ JOSÉ	53	2006-01-11	8	M	2
9050112	V8050112	EVELIO ANTONIO	PACHECO	56	2000-09-11	8	M	2
9088285	V14088285	YOEL	MENDOZA	56	1997-12-18	8	M	2
8020583	V9020583	DUMAN ENRIQUE	SOLARTE	61	1993-12-02	9	M	2
18015538	V13215538	HECTOR JOSÉ	BOADA BRUZUAL	58	2005-01-17	9	M	2
100349	V10928036	ANIBAL DE JESÚS	ORTIZ	46	1990-09-17	17	M	2
190383	V8959223	CARLOS	ESPINOZA	74	1993-02-16	17	M	2
19018839	V14118839	YOSMEL MANUEL	HERNANDEZ ARREAZA	75	2005-01-20	17	M	2
702308	V18111573	RONALD JESUS	PADUANI PÉREZ	78	2013-02-28	22	M	2
702363	V12130229	ELVIS RAMON	MARCHÁN RAMÓN	79	2014-01-30	22	M	2
702437	V14089525	EUDY RAMÓN	JARAMILLO HERRERA	67	2014-01-30	22	M	2
19032557	V10932557	LUIS ALFREDO	LANZA	78	2005-01-20	22	M	2
702185	V13911594	ELVIS RODOLFO	GUTIERREZ GUERRA	32	2008-06-12	20	M	3
702367	V17631767	LUIS ENRIQUE	BARRIOS MUÑOZ	77	2014-01-30	22	M	2
702227	V15396991	YOSMEL MIGUEL	RODRIGUEZ VELAZQUEZ	85	2009-07-22	23	M	2
702226	V14611872	LUIS ENRIQUE	RAMIREZ GARCÍA	81	2009-07-21	23	M	2
702311	V12679044	JACKSON ANTONIO	MOTA HERNÁNDEZ	83	2013-02-28	23	M	2
702314	V18078803	ROGER JOSÉ	AULAR BRITO	84	2013-02-28	23	M	2
702434	V19803971	ANDRY RAMÓN	OBANDO LUNA	83	2014-01-30	23	M	2
100069	V9952878	WILFREDO	TINEO	85	1989-08-07	23	M	2
190399	V10572029	MARCO	MEDINA	87	1993-04-26	23	M	2
19007981	V12007981	RICHAR VICENTE	ABACHE FAJARDO	81	2005-01-20	23	M	2
702323	V19419216	DARWIN JOSE	ALVAREZ ROSALES	89	2013-02-28	24	M	2
702453	V12126475	YOVANYS JOSÉ	MAURERA SABOLIA	89	2014-01-30	24	M	2
19051388	V9951388	HENRY RAFAEL	NARVAEZ GUTIERREZ	89	2005-02-07	24	M	2
702377	V12559908	JINMI ANGEL	YEPEZ MUÑOS	91	2014-01-30	25	M	2
702432	V18455953	DANIEL JOSÉ	VELAZQUEZ ALVAREZ	67	2014-01-30	25	M	2
9032728	V11532728	PEDRO JOSÉ	GÓMEZ	91	2006-01-11	25	M	2
9952824	V9052824	BELEN	FERMIN	92	2001-06-04	25	M	2
702290	V19622541	DANIEL ALEXANDER	SOLIS VELASQUEZ	94	2007-11-23	26	M	2
702424	V8378626	JOSÉ FRANCISCO	SOMOSA RUIZ	96	2014-01-30	26	M	2
702117	V13570136	RICHAR ALEXANDER	MAGALLANES GARCIA	94	2007-11-23	26	M	2
19032773	V8932773	MIGUEL	HERNANDEZ	98	1994-11-08	26	M	2
702305	V15354567	RAFAEL DE JESÚS	RANGEL MARIN	99	2013-02-28	27	M	2
702359	V11830777	JULIO CESAR	MILLAN VELAZQUEZ	99	2014-01-30	27	M	2
702378	V8528603	CESAR RAUL	JARAMILLO	101	2014-01-30	28	M	2
100058	V8452933	NELSON	ECHANDIA	108	1989-11-06	8	M	2
100559	V8523195	EDGAR	RAMIREZ	108	1992-02-18	8	M	2
19067112	V12967112	JUAN CARLOS	SALAZAR MOYA	103	2005-01-20	8	M	2
702462	V18947185	ANTONIO RAFAEL	MAITA VEGAS	67	2014-01-30	27	M	2
702322	V19332129	ALEGRIA FLORES	ENRIQUE JESUS	91	2013-02-28	9	M	2
702329	V13031866	LYORVIS CELESTINO	LINO MORA	111	2014-01-30	9	M	2
702330	V18074151	JOAN MANUEL	RODRÍGUEZ RONDÓN	111	2014-01-30	9	M	2
702331	V15354617	LUIS EDGARDO	MEDINA ROJAS	111	2014-01-30	9	M	2
702332	V20324916	JUAN CARLOS	GONZALEZ VILLARROEL	111	2014-01-30	9	M	2
702334	V20505033	ERIK JOSUE	JIMENEZ JIMENEZ	91	2014-01-30	9	M	2
702341	27656309	DARWIN JESUS	PINTO AULAR	111	2014-01-30	9	M	2
9013065	V11513065	CRUZ	MARQUEZ	93	1995-04-07	9	M	2
19058031	V17658031	JHON FRAIN	RODRÍGUEZ RONDÓN	112	2005-01-20	9	M	2
19042030	V8542030	JESÚS RAMÓN	ACEVEDO ZARAZA	103	2005-01-20	29	M	2
19077445	V14977445	PEDRO AQUILES	VILLARROEL MOLINA	115	2007-01-26	29	M	2
3630479	V7307814	LUIS	PEREZ	129	1989-08-21	5	M	2
8071938	V18171938	ANDRES EDUARDO	AVILE GONZALEZ	12	2007-03-06	12	M	3
2009510	V2909510	ELOY GUILLERMO	GUEVARA RODRÍGUEZ	14	1993-05-10	13	M	3
2048983	V7948983	OSCAR FELIPE	OBISPO TOCORONTE	13	2004-05-07	13	M	3
2063974	V13963974	GESSLER RICARDO	AGUDELO PATUSZYNKI	13	2000-01-25	13	M	3
8059280	V12559280	RICHARD NEIL	MUÑOZ PINEL	13	2005-09-26	13	M	3
8091875	V12891875	LENIN JOSÉ	MAURERA CEDEÑO	13	2006-12-01	13	M	3
2086588	V14986588	YBETH CECILIA	PEÑA	16	2005-06-01	15	F	3
702076	V14120236	ELADIO JOSÉ	GUERRA PEREZ	26	2007-07-25	17	M	3
702218	V18171470	ORLANDO ANTONIO	BOADA BRUZUAL	34	2009-03-16	21	M	3
8002015	V14402015	OSBEL RAMÓN	ARIA APONTE	33	2003-04-01	21	M	3
9087504	V82087504	RICARDO	VERGARA	37	2000-11-07	22	M	3
100557	V11995688	RAFAEL	MUÑOZ	38	1992-02-12	23	M	3
9082307	V13982307	YAVANNY CESAR	SIFONTES FERNANDEZ	38	2000-07-20	23	M	3
19019398	V11519398	ALDENIS YOEL	GONZALEZ POLO	45	2006-01-10	24	M	3
100564	V9947433	JOSÉ	BARRETO	37	1992-02-28	27	M	3
3630726	V10391254	LENIN	MATEY	37	1989-05-15	27	M	3
702214	V11207587	MELQUIADES JOSÉ	TOVAR GONZALEZ	49	2009-02-10	28	M	3
8030922	V8930922	TIRSO RAMÓN	JARAMILLO	49	2007-01-26	28	M	3
702101	V13994698	ARQUIMEDES ALEXANDER	ROMERO AGUAS	39	2007-07-25	8	M	3
100270	V9686576	ARJONIO	FARRERA	53	1990-05-14	8	M	3
8021538	V11321538	JORGE ELIEZER	OLIVEROS NAVARRO	53	2004-12-15	8	M	3
9054766	V15354766	YONATHAN NOEL	MORENO ZAMBRANO	54	2003-05-15	8	M	3
9080445	V6880445	ROGER	MOCCO	51	1996-02-26	8	M	3
702233	V17632443	JUAN MANUEL	MASTRACCI SUAREZ	58	2009-08-10	9	M	3
100112	V9935060	FRANKLIN	CORDOVA NAVARRO	74	1990-02-12	17	M	2
1058176	V5558176	CARLOS JOSE	CONTINO	61	1993-09-20	9	M	3
100381	V4514984	EUDOMAR	JARAMILLO	74	1990-11-20	17	M	3
702249	V12653127	KERBIS OMAR	ROMERO BARRETO	77	2009-12-03	22	M	3
702366	V9945088	LUIS ENRIQUE	LINO MORA	78	2014-01-30	22	M	3
702364	V22820891	CARLOS EDUARDO	BAQUERO BAQUERO	79	2014-01-30	22	M	3
702235	V18214613	MARTINEZ ESPINOZA	CESAR EDUARDO	85	2009-08-28	23	M	3
702240	V16894495	HERNANDEZ	JOSÉ MIGUEL	81	2009-10-05	23	M	3
702313	V13334441	FRANKLIN JOSÉ	QUIROZ SUSARREY	84	2013-02-28	23	M	3
702315	V10392933	JOSÉ INOCENTE	CAMPOS BOLÍVAR	84	2009-10-05	23	M	3
702353	V17999807	WILBERT JOSÉ	SALGADO BRITO	83	2014-01-30	23	M	3
100651	V11343568	ERMES	CORRALES	87	1993-04-20	23	M	3
702231	V13807980	ROLANDO ALBERTO	ARO DÍAZ	91	2009-09-08	25	M	3
702239	V8978011	JESUS RAMON	ALGUACA	89	2009-09-08	24	M	3
702251	V12645806	JESÚS RAMÓN	YAPP MORETT	90	2010-01-26	25	M	3
100554	V8468084	DARIO	SALAZAR	92	1992-02-03	25	M	3
702350	V25693195	ERNESTO RAFAEL	MERINO CARVAJAL	95	2014-01-30	26	M	3
19034945	V15034945	LUIS JOSÉ	RODRÍGUEZ PANTOJA	94	2005-01-20	26	M	3
19069628	V11169628	DANNY JOSÉ	GUZMAN FLORES	94	2005-02-07	26	M	3
19025285	V8625285	JOSÉ LEONARDO	TORRES BARRIOS	94	2005-01-11	26	M	3
702304	V8888938	LUIS ALCIDES	DONATTI GUARESMA	99	2013-02-28	27	M	3
702360	V19635642	DANIEL JOSÉ	MARTÍNEZ ESPINOZA	99	2014-01-30	27	M	3
702369	V19302433	JUNIOR JOSÉ	GUZMÁN BRITO	100	2014-01-30	27	M	3
19072407	V15572407	DANIEL JOSÉ	MALAVE RODRÍGUEZ	99	2014-01-30	27	M	3
702425	V13327043	KELVIS JOSÉ	MARCHÁN YURE	96	2014-01-30	26	M	3
100525	V8370453	EDECIO	OROZCO	97	1991-10-28	26	M	3
9081488	V13981488	WILFREDO JOSÉ	AGUILERA DIAZ	94	2006-01-11	26	M	3
702277	V19420646	LUIS JOSÉ	MARCANO MARCANO	72	2011-07-22	8	M	3
702320	V20506348	SAYMER ENOC	GUEVARA FARIAS	104	2013-02-28	8	M	3
19037584	V13837584	JOSE LUIS	AVILEZ RAMIREZ	80	2006-01-24	8	M	3
702255	V12127468	NOEL JOSÉ	BETANCOURT BETANCOURT	91	2010-02-05	9	M	3
702333	V15687043	ANDRI ALEJANDRO	VELAZQUEZ DÍAS	111	2014-01-30	9	M	3
702337	V9951780	CESAR ENRIQUE	ROJAS SUSARREY	111	2014-01-30	9	M	3
702345	V21123974	NELSON HEHOMAR	SUAREZ RIVAS	111	2014-01-30	9	M	3
702452	V11995755	REINALDO JOSÉ	GARCÍA MALAVE	111	2014-01-30	9	M	3
9007046	V13807046	JOSÉ RAMÓN	CARVAJAL HURDLER	112	2005-01-20	9	M	3
9070106	V13570106	JORGE LUIS	MUÑOZ	47	2001-10-01	9	M	3
19066503	V14366503	HUMBERTO RAFAEL	MARQUEZ RONDÓN	91	2005-02-07	9	M	3
702406	V16391907	JOSÉ GREGORIO	HENRRIQUEZ VALDEZ	115	2014-01-30	29	M	3
702413	V24891402	BASDEO	LAKHIRAM	106	2014-01-30	29	M	3
1024038	V12124038	PALOMO	BRAULIO	114	1995-08-28	29	M	3
3630057	V4600165	VICTOR	REQUENA	129	1988-04-20	5	M	3
8001879	V19201879	FERNANDO	TELLEZ	129	2003-11-06	5	M	3
3630729	V8180027	LUIS JOSÉ	GUZMAN MARCANO	129	1989-05-15	5	M	4
702132	V17217276	CESAR EUSTIQUIO	EURESTA MARCANO	13	2008-02-18	13	M	4
2011541	V11211541	GUSTAVO JOSÉ	ROSAL GONZALEZ	13	1999-03-08	13	M	4
2050412	V6950412	JOSÉ RAFAEL	RODRÍGUEZ GUTIÉRREZ	14	1995-08-21	13	M	4
8049127	V14449127	ALEXANDER	RODRÍGUEZ MORALES	13	2006-07-31	13	M	4
19016918	V16616918	ROBERTO CARLOS	DÍAZ RIVAS	13	2007-01-26	13	M	4
8021320	V14621320	MELQUIADES ANTONIO	RIVAS	26	2001-05-21	17	M	4
702352	V20298930	JOSE ANTONIO	RODRÍGUEZ BOADA	32	2014-01-30	20	M	4
2045327	V16845327	KARINA MARISOL	RODRÍGUEZ LOZADA	16	2006-05-12	15	F	4
702146	V17534178	TONY LUCAS	MARTIN SILVA	33	2008-06-12	21	M	4
18084015	V13684015	PEDRO ALEXANDER	MEDRANO LOPEZ	33	2005-07-18	21	M	4
7010676	V14510676	AMERICO	MOSQUERA	38	1997-01-30	23	M	4
9071269	V12271269	JESÚS ANTONIO	PLANES	42	2003-05-28	27	M	4
18018223	V14118223	DAVID JOSÉ	BARCELO RODRÍGUEZ	36	2005-01-10	27	M	4
9092958	V16392958	BERNARDO DEL VALLE	ROJAS	48	2003-09-11	27	M	4
702279	V8938928	FREDDY JOSÉ	ACOSTA	54	2011-07-22	8	M	4
9050655	V9950655	RAMÓN ASDRUBAL	MACHADO	53	2006-01-10	8	M	4
19075099	V12875099	CARLOS FERNANDO	LOPEZ PINTO	51	2006-01-10	8	M	4
18019026	V13919026	JOSE VICENTE	SILVA CHAPARRO	61	2004-12-15	9	M	4
19035959	V13335959	JONATHAN RAMÓN	SUSARREGUI SOLER	58	2007-01-24	9	M	4
9043088	V11443088	LUIS	GONZALEZ	74	1994-03-08	17	M	4
702306	V17338029	JEANCARLOS	MUNDARAY MUNDARAIN	78	2013-02-28	22	M	4
702307	V15360727	EPIFANIO JOSÉ	GARCÍA 	78	2013-02-28	22	M	4
702365	V11008858	FRANKI JOSÉ	ALCALA VAZQUEZ	79	2014-01-30	22	M	4
19009327	V10309327	RICHARD JOSÉ	NARVAEZ BETANCOURT	80	2005-01-20	22	M	4
19045375	V10045375	FREDDY ANTONIO	PUGARITO CEDEÑO	77	2004-12-16	22	M	4
19061801	V9861801	FRANCISCO AQUILES	CAPRIATA	77	2006-01-24	22	M	4
702276	V15044800	EDGAR ALEXANDER	OSUNA ORENCE	81	2011-07-21	23	M	4
702373	V18171645	JOSÉ RAUL	DÍAZ PRINCIPAL	84	2014-01-30	23	M	4
702375	V18139607	DEIBIS JOSÉ	FIGUERA RODRÍGUEZ	83	2014-01-30	23	M	4
100388	V10388919	HENEL	ZAPATA	86	1990-12-03	23	M	4
19051740	V12051740	MANUEL ANTONIO	NESSI DÍAZ	85	2005-01-20	23	M	4
19096987	V15396987	YEIMIR ALEXANDER	GRAFFE RAMIREZ	81	2004-12-16	23	M	4
702238	V12892551	NAUDIS ADELIS	VASQUEZ RODRÍGUEZ	89	2009-09-28	24	M	4
702230	V13089593	JESUS FERNANDO	MENDOZA ACOSTA	90	2009-07-23	25	M	4
702376	V10928515	ROBERT RAFAEL	YEPEZ	101	2014-01-30	25	M	4
702252	V16395422	ANTONIO JOSE	GONZALEZ SALAZAR	90	2010-01-26	25	M	4
19043857	V15543857	EDMUNDO MANUEL	VILLARROEL RODRÍGUEZ	77	2007-01-26	22	M	3
9081431	V13981431	JESÚS RAFAEL	JESÚS GONZALEZ GUZMAN	103	2006-01-10	29	M	3
702312	V13016519	NUÑEZ ADOLFO MIGUEL	ADOLFO COLMENARES	83	2013-02-28	23	M	3
100097	V10573286	HAROLD	BOLÍVAR	116	1990-02-01	25	M	4
9098017	V5398017	CARLOS	BENITEZ	93	1997-05-23	25	M	4
702229	V13838422	DENNY EMILIO	GARCÍA BERRIOS	94	2009-07-23	26	M	4
100143	V2642489	HECTOR	UGAS	97	1990-04-30	26	M	4
100409	V6023633	VIRGILIO	SALAZAR	97	1991-01-15	26	M	4
19019664	V11519664	HERNAN JOSÉ	BELLO ESTANGA	94	2005-01-20	26	M	4
19049027	V16649027	NEOMAR JOSÉ	MARTINEZ SIFONTES	94	2005-01-20	26	M	4
702302	V13994581	GERMÁN GUILLEMRO	GONZALEZ GARCÍA	99	2013-02-28	27	M	4
702361	V22592667	RONALD JESUS	BAQUERO	99	2014-01-30	27	M	4
702368	V20505396	EDUARDO JOSÉ	MATEY GOMEZ	100	2014-01-30	27	M	4
702383	V15543359	JONATHAN RAFAEL	BLANCO VARGAS	99	2014-01-30	27	M	4
702379	V11337508	REGULO ANTONIO	VELAZQUEZ GONZALEZ	91	2014-01-30	28	M	4
702253	V11519864	WILFREDO ANTONIO	BELLO ESTANGA	80	2010-01-26	8	M	4
702429	V20284870	LUIS ALFREDO	LUNA GONZALEZ	106	2014-01-30	8	M	4
702317	V15521471	FREDDY RICARDO	RODRIGUEZ CASTILLO	103	2013-02-28	8	M	4
702430	V9951084	CARLOS DEL VALLE	SILVA PINTO	106	2014-01-30	8	M	4
1021382	V8521382	VICTOR	COVA	109	1999-09-21	8	M	4
9093689	V12893689	LUIS	CÓRDOVA NAVARRO	110	2000-11-07	8	M	4
702254	V14960597	CARLOS JOSÉ	FIGUERA GONZALEZ	91	2010-02-05	9	M	4
702335	V15781638	EDIXON DE LA CHIQUINQU	SUSARREGUI SOLER	111	2014-01-30	9	M	4
702338	V17542504	DENNYS RAFAEL	AMARO SUAREZ	111	2014-01-30	9	M	4
702339	V20137470	JOSE LUIS	LA ROSA AULAR	111	2014-01-30	9	M	4
702340	V16390933	JOSÉ RAFAEL	MARTÍNEZ SALAS	111	2014-01-30	9	M	4
19089544	V14089544	JOSÉ LUIS	HERRERA SALAZAR	91	2004-12-16	9	M	4
29076399	V7176399	GUSTAVO ADOLFO	VALLENILLA LUGO	112	2005-01-20	9	M	4
9041643	V4941643	ESTEBAN JOSÉ	CABELLO	115	2005-01-20	6	M	4
702324	V9944018	CARLOS ENRIQUE	FUENMAYOR ZAPATA	103	2005-01-20	29	M	4
702389	V5545707	CÉSAR ALBERTO	ROSALES SALMERON	67	2014-01-30	16	M	5
702390	V5084748	REGULO ANTONIO	BENITEZ MUNDARAIN	67	2014-01-30	16	M	5
702392	V17430270	JESUS EDUARDO	GARCÍA FRÍAS	67	2014-01-30	16	M	5
702394	V12132986	JOSE FRANCISCO	MERCHAN JIMENEZ	68	2014-01-30	16	M	5
702416	V18338396	JOSE ANGEL	SIMAN INFANTE	67	2014-01-30	16	M	5
702417	V18667125	ENDRI ALBERTO	TAMOY BALZA	67	2014-01-30	16	M	5
702418	V16945661	LUIS ENRIQUE	ARAY SALAS	71	2014-01-30	16	M	5
702420	V15596848	PEDRO GABRIEL	LATOUCHE ROMERO	71	2014-01-30	16	M	5
702421	V17749851	JOSÉ BERNARDO	ROJAS	71	2014-01-30	16	M	5
702422	V18657833	LENYGER JONATHAN	RODRÍGUEZ ESPINOZA	67	2014-01-30	16	M	5
702387	V10838294	LEONEL RAFAEL	CORDERO ABACHE	67	2014-01-30	17	M	5
702386	V15851931	EVELIN CAROLINA	PÉREZ DÍAZ	67	2014-01-30	17	F	5
702391	V8924017	ANIN FIDEL	FERMIN LOPEZ	67	2014-01-30	17	M	5
702438	V17317991	ERICK ALFREDO	LOPEZ MENDOZA	67	2014-01-30	17	M	5
19076461	V12876461	RICHARD RAFAEL	JIMENEZ LOZANO	81	2005-01-20	23	M	5
702456	V19464078	RENY RAFAEL	PADUANI ALFONZO	67	2014-01-30	8	M	5
702457	V19158425	RAMÓN ANTONIO	DÍAZ PRINCIPAL	67	2014-01-30	8	M	5
702458	V8885325	LUIS ALFREDO	CONDE	67	2014-01-30	8	M	5
702380	V10390658	LUIS JOSÉ	MARTINEZ	91	2014-01-30	28	M	5
702464	V12127886	JOSÉ GREGORIO	HERNANDEZ ARREAZA	105	2014-01-30	8	M	5
702463	V19719370	ULIO CESAR	MARCHAN GARCÍA	111	2014-01-30	9	M	5
702461	V15476101	ELIO DAVID	PÁEZ DÍAZ	67	2014-01-30	9	M	5
702388	V20284389	CARLOS EDUARDO	BRITO BRITO	67	2014-01-30	6	M	5
702393	V19419152	GABRIEL ALEJANDRO	VALENZUELA TOLEDO	67	2014-01-30	6	M	5
702395	V20300685	MAIKEL ANTONIO	ISMAY	67	2014-01-30	6	M	5
702408	V17210550	EDWARD JOSÉ	MARQUEZ CABRERA	106	2014-01-30	6	M	5
702410	V8541013	RICHARD RAFAEL	ABARUYO	106	2014-01-30	6	M	5
702411	V16628713	ANDRY JONAZ	CAMPOS ORTIZ	105	2014-01-30	6	M	5
702412	V13622802	EDGAR ALBERTO	ALICANDO VILLENA	113	2014-01-30	6	M	5
702405	V8931761	ORLANDO EDILBERTO	PIÑA	106	2014-01-30	29	M	5
702409	V13336983	JESUS RAMÓN 	GUEVARA CONTRERAS	68	2014-01-30	29	M	5
702415	V14043785	MICHAEL RAFAEL	LOPEZ CHAPARRO	106	2014-01-30	29	M	5
702108	V12650306	MIGUEL FELIPE	VENALES MARCELLA	108	2007-07-30	30	M	5
100480	V2089945	CLORALDO	VIZCAYA	107	1991-06-10	30	M	5
9071314	V15371314	HERNÁN JOSÉ	SALAZAR ROQUE	115	2006-01-11	30	M	5
29011347	V11511347	HECTOR VICTOR	CÓRDOVA NAVARRO	80	2005-09-08	30	M	5
702403	V13121651	DENNIS JOSÉ	RODRÍGUEZ	70	2014-01-30	16	M	6
702398	V15277770	PASCUAL ENRIQUE	SAVELLI RODRÍGUEZ	69	2014-01-30	16	M	6
702399	V16614553	ROGER JOSÉ	LEON GUAIMARES	69	2014-01-30	16	M	6
702404	V15907219	ANTONHY RAFAEL	RIVAS ESTANGA	70	2014-01-30	16	M	6
19088265	V10288265	JESÚS SALVADOR	CABRERA MORENO	72	2005-01-20	4	M	6
702382	V16894470	YORNE RAFAEL	SALAZAR GÓMEZ	73	2014-01-30	17	M	6
702346	V18787341	ENDER JOSÉ	AVILEZ CARVAJAL	106	2014-01-30	23	M	6
702347	V9459507	ROBERTO ANTONIO	CAMEJO YANEZ	105	2014-01-30	23	M	6
702289	V16388071	ALFREDO VALENTIN	MARTINEZ	89	2012-03-12	24	M	6
702348	V21609204	JHONNI EUGENIO	TORRES VELAZQUEZ	105	2014-01-30	23	M	6
702354	V12052277	JORGE ALEXANDER	OSORIO TORRES	89	2014-01-30	24	M	6
702355	V15428386	JAVIER ALFREDO	PÉREZ HERNANDEZ	89	2014-01-30	24	M	6
702356	V19700072	RICHARD JOSÉ	ALVAREZ MERCHAN	89	2014-01-30	24	M	6
702440	V18171031	EDECIO RAFAEL	OROZCO SALAS	67	2014-01-30	24	M	6
702427	V14011196	MARTÍN ANTONIO	NARVAEZ BETANCOURT	67	2014-01-30	25	M	6
702428	V21237014	ENZO JOSÉ	RONDON GONZALEZ	67	2014-01-30	25	M	6
702431	V20507023	ENDRI JESÚS	RODRÍGUEZ SOLIS	67	2014-01-30	25	M	6
702419	V16893302	MEUDYS DEL VALLE	LOPEZ MARTINEZ	71	2014-01-30	16	F	5
702237	V11513991	JOSE GREGORIO	TOVAR GONZALEZ	91	2009-09-04	28	M	6
19065465	V12465465	ALEXANDER ANTONIO	PADRINO	91	2006-01-11	28	M	6
702111	V18078358	JHONNY JESUS	FERNANDEZ GONZALEZ	102	2007-09-06	8	M	6
702256	V22824443	CARLOS LUCIANO	TERRONES MUÑOZ	80	2010-02-25	8	M	6
702243	V9952265	WILLIAM DE JESUS	FERNANDO GONZALEZ	72	2009-10-06	8	M	6
702318	V19621703	ADRIAN JOSE	PAREJO MEDINA	103	2013-02-28	8	M	6
702319	V14725772	MIGUEL ANGEL	LÓPEZ HURTADO	103	2013-02-28	8	M	6
702326	V20887383	LUIS MAGDIEL	LISBOA BRACAMONTE	72	2013-02-28	8	M	6
702327	V24411613	MAIKER JESUS	RENGEL MARTINEZ	72	2013-02-28	8	M	6
702357	V20286956	YOELVIS RAMÓN	GARCÍA SUCRE	105	2014-01-30	8	M	6
702435	V10567457	JOSÉ GREGORIO	FIGUERAS CABEZA	106	2014-01-30	8	M	6
702436	V19840578	MIGUEL JOSÉ	MALENO RODRÍGUEZ	106	2014-01-30	8	M	6
702439	V14223932	GREGORI DEL VALLE	SERRANO COLMENARES	106	2014-01-30	8	M	6
702441	V22820051	ALEXIS JOSÉ	BAQUERO	106	2014-01-30	8	M	6
100005	V15929400	EFRAIN	PACHECO	107	1989-08-08	8	M	6
100580	V4598885	HECTOR	ABACHE	107	1992-07-06	8	M	6
19076649	V8276649	LUIS JOSÉ	SANCHEZ OROPEZA	80	2005-01-20	8	M	6
702321	V12875560	FREDDY ANTONIO	RIVAS	67	2013-02-28	9	M	6
702343	V18666423	JESUS DEJAYDIE	RODRIGUEZ MUÑOZ	111	2014-01-30	9	M	6
702344	V16945716	KEFREN ALBERTO	RODRÍGUEZ SUAREZ	111	2014-01-30	9	M	6
702459	V15522364	ALEXANDER RICARDO	MATA MERCADO	105	2014-01-30	6	M	6
702455	V13595647	CARLOS ALEXANDER	CONTINO GUARISMA	67	2014-01-30	29	M	6
100535	V5862165	ANTONIO DEL VALLE	FERMIN	108	1991-12-02	29	M	6
702460	V14612573	EDGAR ANTONIO	TORREZ SALAZAR	113	2014-01-30	30	M	6
9026324	V14726324	VICTOR JULIO	RIVERO MARTINEZ	108	2005-01-20	30	M	6
9090870	V16390870	JAVIER ALBERTO	TOLEDO SALAZAR	115	2007-01-26	30	M	6
19043430	V9943430	OSCALIN RUBEN	RODRÍGUEZ MARTINEZ	116	2007-01-24	30	M	6
702468	V17337127	JHONNI RAFAEL	CALDEA QUIJADA	117	1894-06-25	8	M	6
702401	V18882554	ELVIS ANTONIO	COA	70	2014-01-30	16	M	8
702402	V23032545	WILLIAM ORLANDO	GARCÍA LIZCANO	70	2014-01-30	16	M	8
702400	V22587592	JOSÉ GREGORIO	SILVA SUBERO	69	2014-01-30	16	M	8
702469	V16894500	NELSON JOSÉ	ECHANDIA FLORES	117	2014-04-21	8	M	6
702396	V15672938	JOSÉ YAHYL	LIZCANO JAIMES	69	2014-01-30	16	M	8
702397	V19093565	KENMERRIS JOSÉ	SOTILLET TONELLI	18	2014-01-30	16	M	8
702077	V14725453	ANTONIO RAFAEL	SÁNCHEZ AGUILERA	26	2007-07-25	17	M	6
702448	V10001286	CARMEN JOSEFINA	OCHOA RAMIREZ	16	2013-12-16	15	F	2
3620560	V9295994	NAPOLEON	CORDERO ABACHE	27	1990-09-05	17	M	6
8000097	V14400097	MARCO ANTONIO	URDANETA BLANCO	28	2006-06-15	18	M	6
8066765	V10766765	GUSTAVO	AVILA	29	2000-10-16	18	M	6
8071059	V15371059	VICTOR MANUEL	INOJOSA RODRÍGUEZ	30	2005-02-07	18	M	6
18021005	V15521005	JAVIER JOSÉ	HERNÁNDEZ	35	2005-01-10	5	M	6
8091362	V10391362	JOSE LUIS	OBANDO RODRÍGUEZ	39	2007-03-06	23	M	6
9093898	V19093898	MARCO ADRIAN	ASCANIO	40	2002-09-01	23	M	6
702186	V13864168	YORMAN HERNAN	MORENO CAICEDO	41	2008-06-12	24	M	6
8004852	V14604852	RAMON JUSTINO	DIAS LEZAMA	41	2007-02-21	24	M	6
9047338	V10047338	ADOLFO JOSÉ	NUÑEZ	45	1995-03-21	24	M	6
19030288	V12130288	WILLIAMS ISAAC	GUERRA MENDOZA	41	2005-01-20	24	M	6
8028718	V8928718	RODRÍGUEZ ESTANGA	GERMAN OSWALDO	44	2007-02-06	26	M	6
8036690	V5336690	JESÚS GUILERMO	LUGO CARREÑO	50	2007-01-09	28	M	6
8071609	V8371609	JOSÉ TOMÁS	JIMENEZ	39	2007-02-01	28	M	6
100511	V8936725	ALFREDO	VALENZUELA	51	1991-09-01	8	M	6
702099	V14780438	JOIMER JOSÉ	CUEVAS MENDEZ	52	2007-07-25	8	M	6
702100	V9301746	GEOMAR JOSÉ	GONZALEZ MORA	39	2007-07-25	8	M	6
702191	V17431793	DONIS ALBERTO	ROJAS BERMUDEZ	52	2008-07-01	8	M	6
702221	V17998146	CHRISTOPHER STEVEN	CALMA	39	2009-04-13	8	M	6
100060	V10385936	LUIS	SOLIS	53	1989-03-19	8	M	6
3630568	V11937999	LUCIO	RODRIGUEZ	51	1991-08-09	8	M	6
7091849	V16391849	ELADIO	FAJARDO	51	2001-04-27	8	M	6
8043539	V14043539	OMAR JOSÉ	FIGUERAS CABEZA	55	2003-06-11	8	M	6
9069841	V15569841	MARTIN	FIGUEROA	57	2000-05-11	8	M	6
19036726	V8936726	JESUS RAFAEL	VALENZUELA	39	2005-01-20	8	M	6
702234	V16024319	MIGUEL ARTURO	MARIN TOCUYO	58	2009-08-26	9	M	6
9024704	V16024704	DAULIS ALEXANDER	SALAZAR BARRIOS	62	2006-01-11	6	M	6
702126	V11513656	HECTOR LEONARDO	COLMENARES GUTIERREZ	39	2008-01-21	29	M	6
100589	V4937930	JOSÉ	GRAFFE	63	1992-08-04	30	M	6
702288	V25002346	MIGUEL ANGEL	ARTEAGA URDANETA	10	2012-02-08	8	M	5
702298	V26753565	ALFREDO JOSÉ	LUNAR RAMÍREZ	10	2013-02-02	8	M	5
702299	V24855672	LEVIS JOSÉ	BUCOBO BARCENAS	10	2013-02-04	8	M	5
702300	V24036593	SAMUEL ENRIQUE	LORETO RODRÍGUEZ	10	2013-02-04	8	M	5
702286	V25391939	RANDY JOHAN	BENITEZ LUGO	10	2012-01-08	8	M	5
3620356	V8950007	DOUGLAS	RODRÍGUEZ	127	1990-01-15	20	M	6
100371	V8535839	ANDRES	ANDRADE	131	1990-11-07	23	M	6
100419	V5910962	RICARDO	MARCANO	132	1991-03-01	24	M	6
100291	V10926767	JOSE	SILVA	134	1990-07-30	8	M	6
3630629	V8932822	DANNY	OLIVEROS	135	1989-05-15	8	M	6
702133	V17998012	YESI CAROLINA	MUÑOZ ROMERO	1	2008-02-26	1	F	7
702447	V15251240	NORBELIS MERCEDES	GUSMAN VILLASANA	2	2013-09-17	1	F	7
3620532	V6374372	WILLIAMS	MEZA	3	1991-05-16	1	M	7
2048194	V10948194	ALBERTO	DURAN	4	2000-04-03	7	M	7
8053642	V12653642	JOSÉ	MACHADO	5	1997-12-15	7	M	7
702195	V14018767	SORIS ESTEFANA	ESPINOZA TORRES	6	2008-09-01	2	F	7
8038793	V18338793	ANNY RUTH	PAREDES ROMERO	6	2006-10-28	2	F	7
18031522	V12231522	MARÍA VERÓNICA	ZAMBRANO LÓPEZ	7	2002-02-08	11	F	7
702065	V11511456	RICHARD ALBERTO	HERRERA	8	2007-06-11	3	M	7
702258	V19534576	ANDREINA DE LOS ANGELES	RAMIREZ ACOSTA	9	2010-08-01	3	F	7
702260	V18806395	LILIAN MAYERLIN	PIÑA REINA	9	2010-08-16	3	F	7
702291	V12643941	MARIA MATILDE	HERNANDEZ VALLENILLA	9	2012-05-08	3	F	7
702292	V25393416	YINEXIS ALEJANDRA	GONZALEZ VARGAS	10	2012-05-04	3	F	5
702295	V4938595	WILFREDO RAFAEL	JIMENEZ SOTO	8	2012-10-29	3	M	7
3620769	V12006673	LEUDIS JOSEFINA	RODRÍGUEZ VELAZQUEZ	11	1989-11-16	3	F	7
8087678	V12287678	YNES DEL CARMEN	RIVAS	8	1997-11-01	3	F	7
702123	V14118586	RAMON ALEXIS	FUENTES	15	2007-12-10	14	M	7
8025399	V14725399	JULIO ANTONIO	CASTILLO	15	2005-08-17	14	M	7
702423	V12215734	RODOLFO MANUEL	LAREZ RUIZ	19	2014-01-30	16	M	5
702280	V16025347	NAIDELYS ALEJANDRA	CARABALLO REINA	1	2011-09-05	4	F	7
502693	V13334032	JOSÉ RAFAEL	DÍAZ HERNANDEZ	20	2005-08-01	4	M	7
3056313	V5056313	LUZ MARINA	VASQUEZ	17	1998-07-06	15	F	5
8048466	V9948466	SORAMILYS JOSEFINA	GONZALEZ VISO	17	2006-05-02	15	F	5
702281	V13090086	JESÚS RAFAEL	MARCANO APONTE	22	2011-09-06	4	M	7
8059462	V3959462	ZULAY	MARTINEZ	23	1995-08-21	4	F	7
8089389	V15689389	EDMA YUVIRIS	MUÑOZ BAENA	24	2006-04-10	4	F	7
9050002	V9550002	RICHARD JOSÉ	SILVA LOPEZ	25	1997-02-04	4	M	7
19075329	V12875329	FRANKLIN ALEXANDER	CASTRO VALLES	20	2006-01-24	4	M	7
702245	V17837321	ALVARO RAFAEL	REAL LANZ	26	2009-10-20	17	M	7
702297	V20134701	MARÍA DE LOS ÁNGELES	BASTIDAS ARAUJO	31	2012-10-29	19	F	7
702293	V24037346	ROSIRIS ANDREINA	GIL MAICAN	10	2012-08-14	5	F	5
702296	V16882436	KATHERINE DEL VALLE	CORTES MATHEUS	35	2012-10-29	5	F	7
3630512	V8534135	ALCIDES	FIGUERA	38	1991-04-16	23	M	7
702212	V5862743	CARLOS JOSÉ	RAMOS REYEZ	60	2014-01-30	6	M	7
702414	V5000304	HÉCTOR MANUEL	LOZADA	39	1894-06-25	29	M	7
8029544	V8529544	JOSE ANTONIO	HENRRIQUEZ	39	1999-01-07	29	M	7
3620752	V8927647	EDGAR JOSÉ	CASTILLO	64	1991-01-09	30	M	7
702466	V20223658	KENNY JOSUE	VARGAS RÍOS	66	2014-04-07	8	M	7
702467	V15907542	GALDINO	LAREZ D' AGOSTINO	66	2014-04-07	8	M	7
702328	V4209169	JESÚS ENRIQUE	RAMÍREZ VEGAS	118	2013-05-03	1	M	7
3027596	V10927596	FERNANDO	MATA	119	1996-09-02	7	M	7
702294	V13686301	GRISMAR DEL VALLE	BLANCO TOCUYO	120	2012-10-29	2	F	7
3630675	V5880427	JESÚS	QUIJADA	122	1992-07-01	11	M	7
3630305	V8925815	YONNY JOSÉ	MAITA RANGEL	121	1990-03-01	11	M	7
702465	V11344861	SOCRATES ALBERTO	ROJAS PINO	123	2014-03-14	3	M	7
3089430	V9989430	CARLOS	CALDERÓN BERRIOS	124	1990-11-01	13	M	7
3630204	V4595192	NIEVES	BIUTTI MARTÍNEZ	125	1989-11-01	14	M	7
3630385	V4984363	JOSÉ EDUARDO	FERNANDEZ	128	1990-06-18	31	M	7
3630106	V5249843	GUSTINA	ZOZZARO	82	1988-08-15	21	F	7
3630075	V5345916	JOSÉ APOLINAR	MALDONADO PÉREZ	130	1988-05-02	22	M	7
702131	V14541713	YILBI ANYELA	ECHEVERRY BOLAÑOS	126	2008-02-18	17	M	7
3630728	V8933941	ABIGAIL	FERMIN	133	1989-05-15	25	M	7
8074193	V81474193	CRISTIAN	VERGARA	138	1994-03-23	9	M	7
100548	V9908002	JAVIER	PINTO	136	1992-01-23	6	M	7
9096996	V4696996	JUAN NOEL	SUAREZ	64	1994-01-18	30	M	7
24856110	V24856110	MARIA ELENA	ROJAS PIÑERES	137	2014-04-21	14	F	7
19536758	V19536758	WILLIAMS JOSE	FIGUERAS CABEZA	137	2014-02-03	32	M	7
20807788	V20807788	JENIRE DE LOS ANGELES	RIVERA MACHADO	137	2014-04-21	7	F	7
\.


--
-- TOC entry 2014 (class 0 OID 58676)
-- Dependencies: 171 2017
-- Data for Name: tsca_turnos; Type: TABLE DATA; Schema: public; Owner: postgres
--

COPY tsca_turnos (id_turno, descripcion) FROM stdin;
1	11pm a 7am
2	7am a 3pm
3	3pm a 11pm
\.


--
-- TOC entry 2035 (class 0 OID 0)
-- Dependencies: 172
-- Name: tsca_turnos_id_turno_seq; Type: SEQUENCE SET; Schema: public; Owner: postgres
--

SELECT pg_catalog.setval('tsca_turnos_id_turno_seq', 3, true);


--
-- TOC entry 2016 (class 0 OID 58681)
-- Dependencies: 173 2017
-- Data for Name: tsca_usuarios; Type: TABLE DATA; Schema: public; Owner: postgres
--

COPY tsca_usuarios (login, passwd, nivel) FROM stdin;
admin	e10adc3949ba59abbe56e057f20f883e	1
20807788	e10adc3949ba59abbe56e057f20f883e	0
8088283	e10adc3949ba59abbe56e057f20f883e	0
702133	e10adc3949ba59abbe56e057f20f883e	0
702447	e10adc3949ba59abbe56e057f20f883e	0
3620532	e10adc3949ba59abbe56e057f20f883e	0
702123	e10adc3949ba59abbe56e057f20f883e	2
2048194	e10adc3949ba59abbe56e057f20f883e	1
702195	e10adc3949ba59abbe56e057f20f883e	0
8038793	e10adc3949ba59abbe56e057f20f883e	0
18031522	e10adc3949ba59abbe56e057f20f883e	0
702065	e10adc3949ba59abbe56e057f20f883e	0
702258	e10adc3949ba59abbe56e057f20f883e	0
702260	e10adc3949ba59abbe56e057f20f883e	0
702291	e10adc3949ba59abbe56e057f20f883e	0
702292	e10adc3949ba59abbe56e057f20f883e	0
702295	e10adc3949ba59abbe56e057f20f883e	0
3620769	e10adc3949ba59abbe56e057f20f883e	0
8087678	e10adc3949ba59abbe56e057f20f883e	0
8071938	e10adc3949ba59abbe56e057f20f883e	0
702129	e10adc3949ba59abbe56e057f20f883e	0
702130	e10adc3949ba59abbe56e057f20f883e	0
702132	e10adc3949ba59abbe56e057f20f883e	0
2009510	e10adc3949ba59abbe56e057f20f883e	0
2011541	e10adc3949ba59abbe56e057f20f883e	0
2024365	e10adc3949ba59abbe56e057f20f883e	0
2025097	e10adc3949ba59abbe56e057f20f883e	0
2042287	e10adc3949ba59abbe56e057f20f883e	0
2044089	e10adc3949ba59abbe56e057f20f883e	0
2048983	e10adc3949ba59abbe56e057f20f883e	0
2050412	e10adc3949ba59abbe56e057f20f883e	0
2063974	e10adc3949ba59abbe56e057f20f883e	0
2082576	e10adc3949ba59abbe56e057f20f883e	0
2098564	e10adc3949ba59abbe56e057f20f883e	0
8039184	e10adc3949ba59abbe56e057f20f883e	0
8049127	e10adc3949ba59abbe56e057f20f883e	0
8059280	e10adc3949ba59abbe56e057f20f883e	0
8091875	e10adc3949ba59abbe56e057f20f883e	0
8094272	e10adc3949ba59abbe56e057f20f883e	0
9091620	e10adc3949ba59abbe56e057f20f883e	0
19016918	e10adc3949ba59abbe56e057f20f883e	0
8025399	e10adc3949ba59abbe56e057f20f883e	2
702271	e10adc3949ba59abbe56e057f20f883e	0
2045327	e10adc3949ba59abbe56e057f20f883e	0
2086588	e10adc3949ba59abbe56e057f20f883e	0
3056313	e10adc3949ba59abbe56e057f20f883e	0
8032626	e10adc3949ba59abbe56e057f20f883e	0
8047177	e10adc3949ba59abbe56e057f20f883e	0
8048466	e10adc3949ba59abbe56e057f20f883e	0
702397	e10adc3949ba59abbe56e057f20f883e	0
702423	e10adc3949ba59abbe56e057f20f883e	0
502693	e10adc3949ba59abbe56e057f20f883e	0
702280	e10adc3949ba59abbe56e057f20f883e	0
702281	e10adc3949ba59abbe56e057f20f883e	0
8059462	e10adc3949ba59abbe56e057f20f883e	0
8089389	e10adc3949ba59abbe56e057f20f883e	0
9050002	e10adc3949ba59abbe56e057f20f883e	0
19075329	e10adc3949ba59abbe56e057f20f883e	0
702076	e10adc3949ba59abbe56e057f20f883e	0
702077	e10adc3949ba59abbe56e057f20f883e	0
702245	e10adc3949ba59abbe56e057f20f883e	0
3620560	e10adc3949ba59abbe56e057f20f883e	0
8019047	e10adc3949ba59abbe56e057f20f883e	0
8021320	e10adc3949ba59abbe56e057f20f883e	0
8000097	e10adc3949ba59abbe56e057f20f883e	0
8066765	e10adc3949ba59abbe56e057f20f883e	0
8071059	e10adc3949ba59abbe56e057f20f883e	0
702297	e10adc3949ba59abbe56e057f20f883e	0
702185	e10adc3949ba59abbe56e057f20f883e	0
702217	e10adc3949ba59abbe56e057f20f883e	0
702352	e10adc3949ba59abbe56e057f20f883e	0
18055107	e10adc3949ba59abbe56e057f20f883e	0
702146	e10adc3949ba59abbe56e057f20f883e	0
702218	e10adc3949ba59abbe56e057f20f883e	0
702220	e10adc3949ba59abbe56e057f20f883e	0
702285	e10adc3949ba59abbe56e057f20f883e	0
3630140	e10adc3949ba59abbe56e057f20f883e	0
8002015	e10adc3949ba59abbe56e057f20f883e	0
18025326	e10adc3949ba59abbe56e057f20f883e	0
18084015	e10adc3949ba59abbe56e057f20f883e	0
702293	e10adc3949ba59abbe56e057f20f883e	0
702296	e10adc3949ba59abbe56e057f20f883e	0
18021005	e10adc3949ba59abbe56e057f20f883e	0
702184	e10adc3949ba59abbe56e057f20f883e	0
100505	e10adc3949ba59abbe56e057f20f883e	0
8092144	e10adc3949ba59abbe56e057f20f883e	0
9084786	e10adc3949ba59abbe56e057f20f883e	0
9087504	e10adc3949ba59abbe56e057f20f883e	0
19097563	e10adc3949ba59abbe56e057f20f883e	0
702228	e10adc3949ba59abbe56e057f20f883e	0
100258	e10adc3949ba59abbe56e057f20f883e	0
100557	e10adc3949ba59abbe56e057f20f883e	0
3630512	e10adc3949ba59abbe56e057f20f883e	0
7010676	e10adc3949ba59abbe56e057f20f883e	0
8091362	e10adc3949ba59abbe56e057f20f883e	0
9052848	e10adc3949ba59abbe56e057f20f883e	0
9082307	e10adc3949ba59abbe56e057f20f883e	0
9093898	e10adc3949ba59abbe56e057f20f883e	0
702186	e10adc3949ba59abbe56e057f20f883e	0
100129	e10adc3949ba59abbe56e057f20f883e	0
100606	e10adc3949ba59abbe56e057f20f883e	0
8004852	e10adc3949ba59abbe56e057f20f883e	0
9047338	e10adc3949ba59abbe56e057f20f883e	0
19030288	e10adc3949ba59abbe56e057f20f883e	0
19019398	e10adc3949ba59abbe56e057f20f883e	0
100638	e10adc3949ba59abbe56e057f20f883e	0
100072	e10adc3949ba59abbe56e057f20f883e	0
8028718	e10adc3949ba59abbe56e057f20f883e	0
9017350	e10adc3949ba59abbe56e057f20f883e	0
9045647	e10adc3949ba59abbe56e057f20f883e	0
19034383	e10adc3949ba59abbe56e057f20f883e	0
100564	e10adc3949ba59abbe56e057f20f883e	0
3630726	e10adc3949ba59abbe56e057f20f883e	0
9071269	e10adc3949ba59abbe56e057f20f883e	0
9092958	e10adc3949ba59abbe56e057f20f883e	0
18018223	e10adc3949ba59abbe56e057f20f883e	0
19026854	e10adc3949ba59abbe56e057f20f883e	0
702214	e10adc3949ba59abbe56e057f20f883e	0
8030922	e10adc3949ba59abbe56e057f20f883e	0
8036690	e10adc3949ba59abbe56e057f20f883e	0
8071609	e10adc3949ba59abbe56e057f20f883e	0
100511	e10adc3949ba59abbe56e057f20f883e	0
702099	e10adc3949ba59abbe56e057f20f883e	0
702100	e10adc3949ba59abbe56e057f20f883e	0
702101	e10adc3949ba59abbe56e057f20f883e	0
702191	e10adc3949ba59abbe56e057f20f883e	0
702221	e10adc3949ba59abbe56e057f20f883e	0
702236	e10adc3949ba59abbe56e057f20f883e	0
702242	e10adc3949ba59abbe56e057f20f883e	0
702279	e10adc3949ba59abbe56e057f20f883e	0
100056	e10adc3949ba59abbe56e057f20f883e	0
100060	e10adc3949ba59abbe56e057f20f883e	0
100227	e10adc3949ba59abbe56e057f20f883e	0
100270	e10adc3949ba59abbe56e057f20f883e	0
1083471	e10adc3949ba59abbe56e057f20f883e	0
3630568	e10adc3949ba59abbe56e057f20f883e	0
7091849	e10adc3949ba59abbe56e057f20f883e	0
8005398	e10adc3949ba59abbe56e057f20f883e	0
8021538	e10adc3949ba59abbe56e057f20f883e	0
8043539	e10adc3949ba59abbe56e057f20f883e	0
8049028	e10adc3949ba59abbe56e057f20f883e	0
9050112	e10adc3949ba59abbe56e057f20f883e	0
9050655	e10adc3949ba59abbe56e057f20f883e	0
9054766	e10adc3949ba59abbe56e057f20f883e	0
9069841	e10adc3949ba59abbe56e057f20f883e	0
9080445	e10adc3949ba59abbe56e057f20f883e	0
9088285	e10adc3949ba59abbe56e057f20f883e	0
19029021	e10adc3949ba59abbe56e057f20f883e	0
19036726	e10adc3949ba59abbe56e057f20f883e	0
19075099	e10adc3949ba59abbe56e057f20f883e	0
702233	e10adc3949ba59abbe56e057f20f883e	0
702234	e10adc3949ba59abbe56e057f20f883e	0
1058176	e10adc3949ba59abbe56e057f20f883e	0
3629732	e10adc3949ba59abbe56e057f20f883e	0
8020583	e10adc3949ba59abbe56e057f20f883e	0
8070183	e10adc3949ba59abbe56e057f20f883e	0
18015538	e10adc3949ba59abbe56e057f20f883e	0
18019026	e10adc3949ba59abbe56e057f20f883e	0
19035959	e10adc3949ba59abbe56e057f20f883e	0
702212	e10adc3949ba59abbe56e057f20f883e	0
9024704	e10adc3949ba59abbe56e057f20f883e	0
702126	e10adc3949ba59abbe56e057f20f883e	0
702414	e10adc3949ba59abbe56e057f20f883e	0
8029544	e10adc3949ba59abbe56e057f20f883e	0
100589	e10adc3949ba59abbe56e057f20f883e	0
3620752	e10adc3949ba59abbe56e057f20f883e	0
9096996	e10adc3949ba59abbe56e057f20f883e	0
702448	e10adc3949ba59abbe56e057f20f883e	0
702466	e10adc3949ba59abbe56e057f20f883e	0
702467	e10adc3949ba59abbe56e057f20f883e	0
702389	e10adc3949ba59abbe56e057f20f883e	0
702390	e10adc3949ba59abbe56e057f20f883e	0
702392	e10adc3949ba59abbe56e057f20f883e	0
702394	e10adc3949ba59abbe56e057f20f883e	0
702396	e10adc3949ba59abbe56e057f20f883e	0
702398	e10adc3949ba59abbe56e057f20f883e	0
702399	e10adc3949ba59abbe56e057f20f883e	0
702400	e10adc3949ba59abbe56e057f20f883e	0
702401	e10adc3949ba59abbe56e057f20f883e	0
702402	e10adc3949ba59abbe56e057f20f883e	0
702403	e10adc3949ba59abbe56e057f20f883e	0
702404	e10adc3949ba59abbe56e057f20f883e	0
702416	e10adc3949ba59abbe56e057f20f883e	0
702417	e10adc3949ba59abbe56e057f20f883e	0
702418	e10adc3949ba59abbe56e057f20f883e	0
702419	e10adc3949ba59abbe56e057f20f883e	0
702420	e10adc3949ba59abbe56e057f20f883e	0
702421	e10adc3949ba59abbe56e057f20f883e	0
702422	e10adc3949ba59abbe56e057f20f883e	0
19088265	e10adc3949ba59abbe56e057f20f883e	0
702382	e10adc3949ba59abbe56e057f20f883e	0
702386	e10adc3949ba59abbe56e057f20f883e	0
702387	e10adc3949ba59abbe56e057f20f883e	0
702391	e10adc3949ba59abbe56e057f20f883e	0
100021	e10adc3949ba59abbe56e057f20f883e	0
100112	e10adc3949ba59abbe56e057f20f883e	0
100349	e10adc3949ba59abbe56e057f20f883e	0
100381	e10adc3949ba59abbe56e057f20f883e	0
190383	e10adc3949ba59abbe56e057f20f883e	0
9043088	e10adc3949ba59abbe56e057f20f883e	0
19018839	e10adc3949ba59abbe56e057f20f883e	0
19082556	e10adc3949ba59abbe56e057f20f883e	0
702249	e10adc3949ba59abbe56e057f20f883e	0
702274	e10adc3949ba59abbe56e057f20f883e	0
702306	e10adc3949ba59abbe56e057f20f883e	0
702307	e10adc3949ba59abbe56e057f20f883e	0
702308	e10adc3949ba59abbe56e057f20f883e	0
702309	e10adc3949ba59abbe56e057f20f883e	0
702362	e10adc3949ba59abbe56e057f20f883e	0
702363	e10adc3949ba59abbe56e057f20f883e	0
702364	e10adc3949ba59abbe56e057f20f883e	0
702365	e10adc3949ba59abbe56e057f20f883e	0
702366	e10adc3949ba59abbe56e057f20f883e	0
702367	e10adc3949ba59abbe56e057f20f883e	0
702437	e10adc3949ba59abbe56e057f20f883e	0
702438	e10adc3949ba59abbe56e057f20f883e	0
19009327	e10adc3949ba59abbe56e057f20f883e	0
19032557	e10adc3949ba59abbe56e057f20f883e	0
19043857	e10adc3949ba59abbe56e057f20f883e	0
19045375	e10adc3949ba59abbe56e057f20f883e	0
19061801	e10adc3949ba59abbe56e057f20f883e	0
702226	e10adc3949ba59abbe56e057f20f883e	0
702227	e10adc3949ba59abbe56e057f20f883e	0
702235	e10adc3949ba59abbe56e057f20f883e	0
702240	e10adc3949ba59abbe56e057f20f883e	0
702275	e10adc3949ba59abbe56e057f20f883e	0
702276	e10adc3949ba59abbe56e057f20f883e	0
702311	e10adc3949ba59abbe56e057f20f883e	0
702312	e10adc3949ba59abbe56e057f20f883e	0
702313	e10adc3949ba59abbe56e057f20f883e	0
702314	e10adc3949ba59abbe56e057f20f883e	0
702315	e10adc3949ba59abbe56e057f20f883e	0
702346	e10adc3949ba59abbe56e057f20f883e	0
702347	e10adc3949ba59abbe56e057f20f883e	0
702348	e10adc3949ba59abbe56e057f20f883e	0
702353	e10adc3949ba59abbe56e057f20f883e	0
702371	e10adc3949ba59abbe56e057f20f883e	0
702372	e10adc3949ba59abbe56e057f20f883e	0
702373	e10adc3949ba59abbe56e057f20f883e	0
702374	e10adc3949ba59abbe56e057f20f883e	0
702375	e10adc3949ba59abbe56e057f20f883e	0
702434	e10adc3949ba59abbe56e057f20f883e	0
100069	e10adc3949ba59abbe56e057f20f883e	0
100388	e10adc3949ba59abbe56e057f20f883e	0
100651	e10adc3949ba59abbe56e057f20f883e	0
190399	e10adc3949ba59abbe56e057f20f883e	0
19007981	e10adc3949ba59abbe56e057f20f883e	0
19033581	e10adc3949ba59abbe56e057f20f883e	0
19051740	e10adc3949ba59abbe56e057f20f883e	0
19076461	e10adc3949ba59abbe56e057f20f883e	0
19096987	e10adc3949ba59abbe56e057f20f883e	0
19022024	e10adc3949ba59abbe56e057f20f883e	0
19022773	e10adc3949ba59abbe56e057f20f883e	0
702238	e10adc3949ba59abbe56e057f20f883e	0
702239	e10adc3949ba59abbe56e057f20f883e	0
702241	e10adc3949ba59abbe56e057f20f883e	0
702289	e10adc3949ba59abbe56e057f20f883e	0
702323	e10adc3949ba59abbe56e057f20f883e	0
702354	e10adc3949ba59abbe56e057f20f883e	0
702355	e10adc3949ba59abbe56e057f20f883e	0
702356	e10adc3949ba59abbe56e057f20f883e	0
702370	e10adc3949ba59abbe56e057f20f883e	0
702440	e10adc3949ba59abbe56e057f20f883e	0
702453	e10adc3949ba59abbe56e057f20f883e	0
19051388	e10adc3949ba59abbe56e057f20f883e	0
702230	e10adc3949ba59abbe56e057f20f883e	0
702231	e10adc3949ba59abbe56e057f20f883e	0
702251	e10adc3949ba59abbe56e057f20f883e	0
702252	e10adc3949ba59abbe56e057f20f883e	0
702310	e10adc3949ba59abbe56e057f20f883e	0
702376	e10adc3949ba59abbe56e057f20f883e	0
702377	e10adc3949ba59abbe56e057f20f883e	0
702427	e10adc3949ba59abbe56e057f20f883e	0
702428	e10adc3949ba59abbe56e057f20f883e	0
702431	e10adc3949ba59abbe56e057f20f883e	0
702432	e10adc3949ba59abbe56e057f20f883e	0
702433	e10adc3949ba59abbe56e057f20f883e	0
100097	e10adc3949ba59abbe56e057f20f883e	0
100507	e10adc3949ba59abbe56e057f20f883e	0
100554	e10adc3949ba59abbe56e057f20f883e	0
9032728	e10adc3949ba59abbe56e057f20f883e	0
9098017	e10adc3949ba59abbe56e057f20f883e	0
702117	e10adc3949ba59abbe56e057f20f883e	0
702229	e10adc3949ba59abbe56e057f20f883e	0
702290	e10adc3949ba59abbe56e057f20f883e	0
702349	e10adc3949ba59abbe56e057f20f883e	0
702350	e10adc3949ba59abbe56e057f20f883e	0
702351	e10adc3949ba59abbe56e057f20f883e	0
702424	e10adc3949ba59abbe56e057f20f883e	0
702425	e10adc3949ba59abbe56e057f20f883e	0
702426	e10adc3949ba59abbe56e057f20f883e	0
100143	e10adc3949ba59abbe56e057f20f883e	0
100409	e10adc3949ba59abbe56e057f20f883e	0
100525	e10adc3949ba59abbe56e057f20f883e	0
9081488	e10adc3949ba59abbe56e057f20f883e	0
19019664	e10adc3949ba59abbe56e057f20f883e	0
19034945	e10adc3949ba59abbe56e057f20f883e	0
19049027	e10adc3949ba59abbe56e057f20f883e	0
19069628	e10adc3949ba59abbe56e057f20f883e	0
19025285	e10adc3949ba59abbe56e057f20f883e	0
19032773	e10adc3949ba59abbe56e057f20f883e	0
702302	e10adc3949ba59abbe56e057f20f883e	0
702303	e10adc3949ba59abbe56e057f20f883e	0
702304	e10adc3949ba59abbe56e057f20f883e	0
702305	e10adc3949ba59abbe56e057f20f883e	0
702358	e10adc3949ba59abbe56e057f20f883e	0
702359	e10adc3949ba59abbe56e057f20f883e	0
702360	e10adc3949ba59abbe56e057f20f883e	0
702361	e10adc3949ba59abbe56e057f20f883e	0
702368	e10adc3949ba59abbe56e057f20f883e	0
702369	e10adc3949ba59abbe56e057f20f883e	0
702383	e10adc3949ba59abbe56e057f20f883e	0
702462	e10adc3949ba59abbe56e057f20f883e	0
9011687	e10adc3949ba59abbe56e057f20f883e	0
19041190	e10adc3949ba59abbe56e057f20f883e	0
19055086	e10adc3949ba59abbe56e057f20f883e	0
19072407	e10adc3949ba59abbe56e057f20f883e	0
702237	e10adc3949ba59abbe56e057f20f883e	0
702378	e10adc3949ba59abbe56e057f20f883e	0
702379	e10adc3949ba59abbe56e057f20f883e	0
702380	e10adc3949ba59abbe56e057f20f883e	0
9070504	e10adc3949ba59abbe56e057f20f883e	0
19065465	e10adc3949ba59abbe56e057f20f883e	0
702111	e10adc3949ba59abbe56e057f20f883e	0
702243	e10adc3949ba59abbe56e057f20f883e	0
702253	e10adc3949ba59abbe56e057f20f883e	0
702256	e10adc3949ba59abbe56e057f20f883e	0
702277	e10adc3949ba59abbe56e057f20f883e	0
702278	e10adc3949ba59abbe56e057f20f883e	0
702286	e10adc3949ba59abbe56e057f20f883e	0
702288	e10adc3949ba59abbe56e057f20f883e	0
702298	e10adc3949ba59abbe56e057f20f883e	0
702299	e10adc3949ba59abbe56e057f20f883e	0
702300	e10adc3949ba59abbe56e057f20f883e	0
702316	e10adc3949ba59abbe56e057f20f883e	0
702317	e10adc3949ba59abbe56e057f20f883e	0
702318	e10adc3949ba59abbe56e057f20f883e	0
702319	e10adc3949ba59abbe56e057f20f883e	0
702320	e10adc3949ba59abbe56e057f20f883e	0
702326	e10adc3949ba59abbe56e057f20f883e	0
702327	e10adc3949ba59abbe56e057f20f883e	0
702357	e10adc3949ba59abbe56e057f20f883e	0
702429	e10adc3949ba59abbe56e057f20f883e	0
702430	e10adc3949ba59abbe56e057f20f883e	0
702435	e10adc3949ba59abbe56e057f20f883e	0
702436	e10adc3949ba59abbe56e057f20f883e	0
702439	e10adc3949ba59abbe56e057f20f883e	0
702441	e10adc3949ba59abbe56e057f20f883e	0
702456	e10adc3949ba59abbe56e057f20f883e	0
702457	e10adc3949ba59abbe56e057f20f883e	0
702458	e10adc3949ba59abbe56e057f20f883e	0
702464	e10adc3949ba59abbe56e057f20f883e	0
100005	e10adc3949ba59abbe56e057f20f883e	0
100058	e10adc3949ba59abbe56e057f20f883e	0
100225	e10adc3949ba59abbe56e057f20f883e	0
100559	e10adc3949ba59abbe56e057f20f883e	0
100580	e10adc3949ba59abbe56e057f20f883e	0
1021382	e10adc3949ba59abbe56e057f20f883e	0
9093689	e10adc3949ba59abbe56e057f20f883e	0
19048342	e10adc3949ba59abbe56e057f20f883e	0
19067112	e10adc3949ba59abbe56e057f20f883e	0
19076649	e10adc3949ba59abbe56e057f20f883e	0
19037584	e10adc3949ba59abbe56e057f20f883e	0
702248	e10adc3949ba59abbe56e057f20f883e	0
702254	e10adc3949ba59abbe56e057f20f883e	0
702255	e10adc3949ba59abbe56e057f20f883e	0
702321	e10adc3949ba59abbe56e057f20f883e	0
702322	e10adc3949ba59abbe56e057f20f883e	0
702329	e10adc3949ba59abbe56e057f20f883e	0
702330	e10adc3949ba59abbe56e057f20f883e	0
702331	e10adc3949ba59abbe56e057f20f883e	0
702332	e10adc3949ba59abbe56e057f20f883e	0
702333	e10adc3949ba59abbe56e057f20f883e	0
702334	e10adc3949ba59abbe56e057f20f883e	0
702335	e10adc3949ba59abbe56e057f20f883e	0
702336	e10adc3949ba59abbe56e057f20f883e	0
702337	e10adc3949ba59abbe56e057f20f883e	0
702338	e10adc3949ba59abbe56e057f20f883e	0
702339	e10adc3949ba59abbe56e057f20f883e	0
702340	e10adc3949ba59abbe56e057f20f883e	0
702341	e10adc3949ba59abbe56e057f20f883e	0
702342	e10adc3949ba59abbe56e057f20f883e	0
702343	e10adc3949ba59abbe56e057f20f883e	0
702344	e10adc3949ba59abbe56e057f20f883e	0
702345	e10adc3949ba59abbe56e057f20f883e	0
702381	e10adc3949ba59abbe56e057f20f883e	0
702384	e10adc3949ba59abbe56e057f20f883e	0
702452	e10adc3949ba59abbe56e057f20f883e	0
702454	e10adc3949ba59abbe56e057f20f883e	0
702461	e10adc3949ba59abbe56e057f20f883e	0
702463	e10adc3949ba59abbe56e057f20f883e	0
9007046	e10adc3949ba59abbe56e057f20f883e	0
9013065	e10adc3949ba59abbe56e057f20f883e	0
9047232	e10adc3949ba59abbe56e057f20f883e	0
9070106	e10adc3949ba59abbe56e057f20f883e	0
9086771	e10adc3949ba59abbe56e057f20f883e	0
19058031	e10adc3949ba59abbe56e057f20f883e	0
19066503	e10adc3949ba59abbe56e057f20f883e	0
19089544	e10adc3949ba59abbe56e057f20f883e	0
29034701	e10adc3949ba59abbe56e057f20f883e	0
29076399	e10adc3949ba59abbe56e057f20f883e	0
702388	e10adc3949ba59abbe56e057f20f883e	0
702393	e10adc3949ba59abbe56e057f20f883e	0
702395	e10adc3949ba59abbe56e057f20f883e	0
702408	e10adc3949ba59abbe56e057f20f883e	0
702410	e10adc3949ba59abbe56e057f20f883e	0
702411	e10adc3949ba59abbe56e057f20f883e	0
702412	e10adc3949ba59abbe56e057f20f883e	0
702459	e10adc3949ba59abbe56e057f20f883e	0
9041643	e10adc3949ba59abbe56e057f20f883e	0
702324	e10adc3949ba59abbe56e057f20f883e	0
702325	e10adc3949ba59abbe56e057f20f883e	0
702405	e10adc3949ba59abbe56e057f20f883e	0
702406	e10adc3949ba59abbe56e057f20f883e	0
702407	e10adc3949ba59abbe56e057f20f883e	0
702409	e10adc3949ba59abbe56e057f20f883e	0
702413	e10adc3949ba59abbe56e057f20f883e	0
702415	e10adc3949ba59abbe56e057f20f883e	0
702455	e10adc3949ba59abbe56e057f20f883e	0
100535	e10adc3949ba59abbe56e057f20f883e	0
1024038	e10adc3949ba59abbe56e057f20f883e	0
9081431	e10adc3949ba59abbe56e057f20f883e	0
19042030	e10adc3949ba59abbe56e057f20f883e	0
19077445	e10adc3949ba59abbe56e057f20f883e	0
702108	e10adc3949ba59abbe56e057f20f883e	0
702460	e10adc3949ba59abbe56e057f20f883e	0
100480	e10adc3949ba59abbe56e057f20f883e	0
9026324	e10adc3949ba59abbe56e057f20f883e	0
9071314	e10adc3949ba59abbe56e057f20f883e	0
9090870	e10adc3949ba59abbe56e057f20f883e	0
19043430	e10adc3949ba59abbe56e057f20f883e	0
29011347	e10adc3949ba59abbe56e057f20f883e	0
702468	e10adc3949ba59abbe56e057f20f883e	0
702469	e10adc3949ba59abbe56e057f20f883e	0
702328	e10adc3949ba59abbe56e057f20f883e	0
702294	e10adc3949ba59abbe56e057f20f883e	0
3630305	e10adc3949ba59abbe56e057f20f883e	0
3630675	e10adc3949ba59abbe56e057f20f883e	0
702465	e10adc3949ba59abbe56e057f20f883e	0
3089430	e10adc3949ba59abbe56e057f20f883e	0
702131	e10adc3949ba59abbe56e057f20f883e	0
3630385	e10adc3949ba59abbe56e057f20f883e	0
3620356	e10adc3949ba59abbe56e057f20f883e	0
3630106	e10adc3949ba59abbe56e057f20f883e	0
3630075	e10adc3949ba59abbe56e057f20f883e	0
100371	e10adc3949ba59abbe56e057f20f883e	0
100419	e10adc3949ba59abbe56e057f20f883e	0
3630728	e10adc3949ba59abbe56e057f20f883e	0
100291	e10adc3949ba59abbe56e057f20f883e	0
3630629	e10adc3949ba59abbe56e057f20f883e	0
8074193	e10adc3949ba59abbe56e057f20f883e	0
100548	e10adc3949ba59abbe56e057f20f883e	0
19536758	e10adc3949ba59abbe56e057f20f883e	0
3027596	e10adc3949ba59abbe56e057f20f883e	1
8053642	e10adc3949ba59abbe56e057f20f883e	1
3630204	e10adc3949ba59abbe56e057f20f883e	2
9952824	e10adc3949ba59abbe56e057f20f883e	0
24856110	e10adc3949ba59abbe56e057f20f883e	2
3630057	e10adc3949ba59abbe56e057f20f883e	3
3630479	e10adc3949ba59abbe56e057f20f883e	3
3630562	e10adc3949ba59abbe56e057f20f883e	3
3630729	e10adc3949ba59abbe56e057f20f883e	3
8001879	e10adc3949ba59abbe56e057f20f883e	3
\.


--
-- TOC entry 1875 (class 2606 OID 58694)
-- Dependencies: 161 161 2018
-- Name: tsca_accidente_pkey; Type: CONSTRAINT; Schema: public; Owner: postgres; Tablespace: 
--

ALTER TABLE ONLY tsca_accidente
    ADD CONSTRAINT tsca_accidente_pkey PRIMARY KEY (id_reporte);


--
-- TOC entry 1877 (class 2606 OID 58698)
-- Dependencies: 163 163 2018
-- Name: tsca_cuadrillas_pkey; Type: CONSTRAINT; Schema: public; Owner: postgres; Tablespace: 
--

ALTER TABLE ONLY tsca_cuadrillas
    ADD CONSTRAINT tsca_cuadrillas_pkey PRIMARY KEY (cod_cuadrillas);


--
-- TOC entry 1879 (class 2606 OID 58700)
-- Dependencies: 165 165 2018
-- Name: tsca_departamentos_pkey; Type: CONSTRAINT; Schema: public; Owner: postgres; Tablespace: 
--

ALTER TABLE ONLY tsca_departamentos
    ADD CONSTRAINT tsca_departamentos_pkey PRIMARY KEY (cod_departamento);


--
-- TOC entry 1881 (class 2606 OID 58702)
-- Dependencies: 167 167 2018
-- Name: tsca_lesiones_pkey; Type: CONSTRAINT; Schema: public; Owner: postgres; Tablespace: 
--

ALTER TABLE ONLY tsca_lesiones
    ADD CONSTRAINT tsca_lesiones_pkey PRIMARY KEY (cod_lesion);


--
-- TOC entry 1883 (class 2606 OID 58704)
-- Dependencies: 168 168 2018
-- Name: tsca_mtcargo_pkey; Type: CONSTRAINT; Schema: public; Owner: postgres; Tablespace: 
--

ALTER TABLE ONLY tsca_mtcargo
    ADD CONSTRAINT tsca_mtcargo_pkey PRIMARY KEY (id_cargo);


--
-- TOC entry 1885 (class 2606 OID 58706)
-- Dependencies: 170 170 2018
-- Name: tsca_mttrabajador_cedula_key; Type: CONSTRAINT; Schema: public; Owner: postgres; Tablespace: 
--

ALTER TABLE ONLY tsca_mttrabajador
    ADD CONSTRAINT tsca_mttrabajador_cedula_key UNIQUE (cedula);


--
-- TOC entry 1887 (class 2606 OID 58708)
-- Dependencies: 170 170 2018
-- Name: tsca_mttrabajador_pkey; Type: CONSTRAINT; Schema: public; Owner: postgres; Tablespace: 
--

ALTER TABLE ONLY tsca_mttrabajador
    ADD CONSTRAINT tsca_mttrabajador_pkey PRIMARY KEY (id_ficha);


--
-- TOC entry 1889 (class 2606 OID 58710)
-- Dependencies: 171 171 2018
-- Name: tsca_turnos_pkey; Type: CONSTRAINT; Schema: public; Owner: postgres; Tablespace: 
--

ALTER TABLE ONLY tsca_turnos
    ADD CONSTRAINT tsca_turnos_pkey PRIMARY KEY (id_turno);


--
-- TOC entry 1891 (class 2606 OID 58712)
-- Dependencies: 173 173 2018
-- Name: tsca_usuarios_pkey; Type: CONSTRAINT; Schema: public; Owner: postgres; Tablespace: 
--

ALTER TABLE ONLY tsca_usuarios
    ADD CONSTRAINT tsca_usuarios_pkey PRIMARY KEY (login);


--
-- TOC entry 1897 (class 2606 OID 58787)
-- Dependencies: 170 161 1886 2018
-- Name: fk_enfermero_tratante; Type: FK CONSTRAINT; Schema: public; Owner: postgres
--

ALTER TABLE ONLY tsca_accidente
    ADD CONSTRAINT fk_enfermero_tratante FOREIGN KEY (enfermero_tratante) REFERENCES tsca_mttrabajador(id_ficha) ON UPDATE CASCADE;


--
-- TOC entry 1896 (class 2606 OID 58782)
-- Dependencies: 161 1886 170 2018
-- Name: fk_medico_tratante; Type: FK CONSTRAINT; Schema: public; Owner: postgres
--

ALTER TABLE ONLY tsca_accidente
    ADD CONSTRAINT fk_medico_tratante FOREIGN KEY (medico_tratante) REFERENCES tsca_mttrabajador(id_ficha) ON UPDATE CASCADE;


--
-- TOC entry 1892 (class 2606 OID 58718)
-- Dependencies: 1886 170 161 2018
-- Name: tsca_accidente_jefe_turno_fkey; Type: FK CONSTRAINT; Schema: public; Owner: postgres
--

ALTER TABLE ONLY tsca_accidente
    ADD CONSTRAINT tsca_accidente_jefe_turno_fkey FOREIGN KEY (jefe_turno) REFERENCES tsca_mttrabajador(id_ficha);


--
-- TOC entry 1893 (class 2606 OID 58723)
-- Dependencies: 1880 161 167 2018
-- Name: tsca_accidente_lesion_fkey; Type: FK CONSTRAINT; Schema: public; Owner: postgres
--

ALTER TABLE ONLY tsca_accidente
    ADD CONSTRAINT tsca_accidente_lesion_fkey FOREIGN KEY (lesion) REFERENCES tsca_lesiones(cod_lesion);


--
-- TOC entry 1894 (class 2606 OID 58728)
-- Dependencies: 1886 170 161 2018
-- Name: tsca_accidente_trabajador_lesionado_fkey; Type: FK CONSTRAINT; Schema: public; Owner: postgres
--

ALTER TABLE ONLY tsca_accidente
    ADD CONSTRAINT tsca_accidente_trabajador_lesionado_fkey FOREIGN KEY (trabajador_lesionado) REFERENCES tsca_mttrabajador(id_ficha);


--
-- TOC entry 1895 (class 2606 OID 58733)
-- Dependencies: 171 161 1888 2018
-- Name: tsca_accidente_turno_fkey; Type: FK CONSTRAINT; Schema: public; Owner: postgres
--

ALTER TABLE ONLY tsca_accidente
    ADD CONSTRAINT tsca_accidente_turno_fkey FOREIGN KEY (turno) REFERENCES tsca_turnos(id_turno);


--
-- TOC entry 1898 (class 2606 OID 58748)
-- Dependencies: 1878 165 165 2018
-- Name: tsca_departamentos_dpto_padre_fkey; Type: FK CONSTRAINT; Schema: public; Owner: postgres
--

ALTER TABLE ONLY tsca_departamentos
    ADD CONSTRAINT tsca_departamentos_dpto_padre_fkey FOREIGN KEY (dpto_padre) REFERENCES tsca_departamentos(cod_departamento);


--
-- TOC entry 1899 (class 2606 OID 58753)
-- Dependencies: 170 1882 168 2018
-- Name: tsca_mttrabajador_cargo_fkey; Type: FK CONSTRAINT; Schema: public; Owner: postgres
--

ALTER TABLE ONLY tsca_mttrabajador
    ADD CONSTRAINT tsca_mttrabajador_cargo_fkey FOREIGN KEY (cargo) REFERENCES tsca_mtcargo(id_cargo);


--
-- TOC entry 1900 (class 2606 OID 58758)
-- Dependencies: 163 170 1876 2018
-- Name: tsca_mttrabajador_cuadrilla_fkey; Type: FK CONSTRAINT; Schema: public; Owner: postgres
--

ALTER TABLE ONLY tsca_mttrabajador
    ADD CONSTRAINT tsca_mttrabajador_cuadrilla_fkey FOREIGN KEY (cuadrilla) REFERENCES tsca_cuadrillas(cod_cuadrillas) ON UPDATE CASCADE;


--
-- TOC entry 1901 (class 2606 OID 58763)
-- Dependencies: 165 170 1878 2018
-- Name: tsca_mttrabajador_departamento_fkey; Type: FK CONSTRAINT; Schema: public; Owner: postgres
--

ALTER TABLE ONLY tsca_mttrabajador
    ADD CONSTRAINT tsca_mttrabajador_departamento_fkey FOREIGN KEY (departamento) REFERENCES tsca_departamentos(cod_departamento);


--
-- TOC entry 1902 (class 2606 OID 58776)
-- Dependencies: 170 1890 173 2018
-- Name: tsca_mttrabajador_id_ficha_fkey; Type: FK CONSTRAINT; Schema: public; Owner: postgres
--

ALTER TABLE ONLY tsca_mttrabajador
    ADD CONSTRAINT tsca_mttrabajador_id_ficha_fkey FOREIGN KEY (id_ficha) REFERENCES tsca_usuarios(login) ON UPDATE CASCADE ON DELETE CASCADE;


--
-- TOC entry 2023 (class 0 OID 0)
-- Dependencies: 6
-- Name: public; Type: ACL; Schema: -; Owner: postgres
--

REVOKE ALL ON SCHEMA public FROM PUBLIC;
REVOKE ALL ON SCHEMA public FROM postgres;
GRANT ALL ON SCHEMA public TO postgres;
GRANT ALL ON SCHEMA public TO PUBLIC;


-- Completed on 2014-07-16 14:13:20 VET

--
-- PostgreSQL database dump complete
--

